Workbook

Sheet MasterSheet
C1: جامعةالبصرة | G1: صفحة 1 من 5 | AF1: القسم:الفيزياء
C2: كليةالتربية الصرفة | AF2: المرحلـــــة:الثانية
AF3: الفصـــــــل : (سنوي)
G4: سجل الدرجات النهائية للسنة الدراسية2024-2025
B5: التسلسل | C5: الوحدات | D5: الجنس | E5: 7 | G5: 2 | I5: 6 | K5: 7 | M5: 4 | O5: 2 | Q5: 4 | S5: 4 | U5: 2 | W5: 0 | Y5: 3 | AA5: النتيجة | AB5: المعدل | AC5: التقدير | AD5: الترتيب | AE5: المعدل المرحلة% | AF5: الملاحظات
C6: اسم الطالب المواضيع | E6: الكهربائية والمغناطيسية | G6: اللغة العربية | I6: الرياضيات | K6: الميكانيك | M6: علم النفس | O6: الحاسبات | Q6: الحرارة وخواص المادة | S6: اسس التربية | U6: حقوق الانسان و الديمقراطية | W6: التربية الرياضية | Y6: حقوق الانسان و الديمقراطية
B7: 1 | C7: ابراهيم صباح لملوم شده | D7: ذ | F7: =IF(E7>=90,"م",IF(E7>=80,"جـ جـ",IF(E7>=70,"جـ",IF(E7>=60,"ط",IF(E7>=50,"ل","ر"))))) -> 0 | H7: =IF(G7>=90,"م",IF(G7>=80,"جـ جـ",IF(G7>=70,"جـ",IF(G7>=60,"ط",IF(G7>=50,"ل","ر"))))) -> 0 | J7: =IF(I7>=90,"م",IF(I7>=80,"جـ جـ",IF(I7>=70,"جـ",IF(I7>=60,"ط",IF(I7>=50,"ل","ر"))))) -> 0 | L7: =IF(K7>=90,"م",IF(K7>=80,"جـ جـ",IF(K7>=70,"جـ",IF(K7>=60,"ط",IF(K7>=50,"ل","ر"))))) -> 0 | N7: =IF(M7>=90,"م",IF(M7>=80,"جـ جـ",IF(M7>=70,"جـ",IF(M7>=60,"ط",IF(M7>=50,"ل","ر"))))) -> 0 | P7: =IF(O7>=90,"م",IF(O7>=80,"جـ جـ",IF(O7>=70,"جـ",IF(O7>=60,"ط",IF(O7>=50,"ل","ر"))))) -> 0 | R7: =IF(Q7>=90,"م",IF(Q7>=80,"جـ جـ",IF(Q7>=70,"جـ",IF(Q7>=60,"ط",IF(Q7>=50,"ل","ر"))))) -> 0 | T7: =IF(S7>=90,"م",IF(S7>=80,"جـ جـ",IF(S7>=70,"جـ",IF(S7>=60,"ط",IF(S7>=50,"ل","ر"))))) -> 0 | V7: =IF(U7>=90,"م",IF(U7>=80,"جـ جـ",IF(U7>=70,"جـ",IF(U7>=60,"ط",IF(U7>=50,"ل","ر"))))) -> 0 | X7: =IF(W7>=90,"م",IF(W7>=80,"جـ جـ",IF(W7>=70,"جـ",IF(W7>=60,"ط",IF(W7>=50,"ل","ر"))))) -> 0 | Z7: =IF(Y7>=90,"م",IF(Y7>=80,"جـ جـ",IF(Y7>=70,"جـ",IF(Y7>=60,"ط",IF(Y7>=50,"ل","ر"))))) -> 0 | AA7: =IF(AND(E7>=50, G7>=50, I7>=50, K7>=50, M7>=50, O7>=50, Q7>=50, S7>=50, U7>=50, W7>=50, Y7>=50), "ناجح", "راسب") -> 0 | AB7: =(E7*7 + G7*2 + I7*6 + K7*7 + M7*4 + O7*2 + Q7*4 + S7*4 + U7*2 + W7*0) / (7 + 2 + 6 + 7 + 4 + 2 + 4 + 4 + 2 + 0) -> 0 | AC7: =IF(AB7>=90,"امتياز",IF(AB7>=80,"جيد جدا",IF(AB7>=70,"جيد",IF(AB7>=60,"متوسط",IF(AB7>=50,"مقبول","راسب"))))) -> 0
B10: 2 | C10: احمد حسن كلخان موزان | D10: ذ | F10: =IF(E10>=90,"م",IF(E10>=80,"جـ جـ",IF(E10>=70,"جـ",IF(E10>=60,"ط",IF(E10>=50,"ل","ر"))))) -> 0 | H10: =IF(G10>=90,"م",IF(G10>=80,"جـ جـ",IF(G10>=70,"جـ",IF(G10>=60,"ط",IF(G10>=50,"ل","ر"))))) -> 0 | J10: =IF(I10>=90,"م",IF(I10>=80,"جـ جـ",IF(I10>=70,"جـ",IF(I10>=60,"ط",IF(I10>=50,"ل","ر"))))) -> 0 | L10: =IF(K10>=90,"م",IF(K10>=80,"جـ جـ",IF(K10>=70,"جـ",IF(K10>=60,"ط",IF(K10>=50,"ل","ر"))))) -> 0 | N10: =IF(M10>=90,"م",IF(M10>=80,"جـ جـ",IF(M10>=70,"جـ",IF(M10>=60,"ط",IF(M10>=50,"ل","ر"))))) -> 0 | P10: =IF(O10>=90,"م",IF(O10>=80,"جـ جـ",IF(O10>=70,"جـ",IF(O10>=60,"ط",IF(O10>=50,"ل","ر"))))) -> 0 | R10: =IF(Q10>=90,"م",IF(Q10>=80,"جـ جـ",IF(Q10>=70,"جـ",IF(Q10>=60,"ط",IF(Q10>=50,"ل","ر"))))) -> 0 | T10: =IF(S10>=90,"م",IF(S10>=80,"جـ جـ",IF(S10>=70,"جـ",IF(S10>=60,"ط",IF(S10>=50,"ل","ر"))))) -> 0 | V10: =IF(U10>=90,"م",IF(U10>=80,"جـ جـ",IF(U10>=70,"جـ",IF(U10>=60,"ط",IF(U10>=50,"ل","ر"))))) -> 0 | X10: =IF(W10>=90,"م",IF(W10>=80,"جـ جـ",IF(W10>=70,"جـ",IF(W10>=60,"ط",IF(W10>=50,"ل","ر"))))) -> 0 | Z10: =IF(Y10>=90,"م",IF(Y10>=80,"جـ جـ",IF(Y10>=70,"جـ",IF(Y10>=60,"ط",IF(Y10>=50,"ل","ر"))))) -> 0 | AA10: =IF(AND(E10>=50, G10>=50, I10>=50, K10>=50, M10>=50, O10>=50, Q10>=50, S10>=50, U10>=50, W10>=50, Y10>=50), "ناجح", "راسب") -> 0 | AB10: =(E10*7 + G10*2 + I10*6 + K10*7 + M10*4 + O10*2 + Q10*4 + S10*4 + U10*2 + W10*0) / (7 + 2 + 6 + 7 + 4 + 2 + 4 + 4 + 2 + 0) -> 0 | AC10: =IF(AB10>=90,"امتياز",IF(AB10>=80,"جيد جدا",IF(AB10>=70,"جيد",IF(AB10>=60,"متوسط",IF(AB10>=50,"مقبول","راسب"))))) -> 0
B13: 3 | C13: احمد شهاب احمد خميس | D13: ذ | F13: =IF(E13>=90,"م",IF(E13>=80,"جـ جـ",IF(E13>=70,"جـ",IF(E13>=60,"ط",IF(E13>=50,"ل","ر"))))) -> 0 | H13: =IF(G13>=90,"م",IF(G13>=80,"جـ جـ",IF(G13>=70,"جـ",IF(G13>=60,"ط",IF(G13>=50,"ل","ر"))))) -> 0 | J13: =IF(I13>=90,"م",IF(I13>=80,"جـ جـ",IF(I13>=70,"جـ",IF(I13>=60,"ط",IF(I13>=50,"ل","ر"))))) -> 0 | L13: =IF(K13>=90,"م",IF(K13>=80,"جـ جـ",IF(K13>=70,"جـ",IF(K13>=60,"ط",IF(K13>=50,"ل","ر"))))) -> 0 | N13: =IF(M13>=90,"م",IF(M13>=80,"جـ جـ",IF(M13>=70,"جـ",IF(M13>=60,"ط",IF(M13>=50,"ل","ر"))))) -> 0 | P13: =IF(O13>=90,"م",IF(O13>=80,"جـ جـ",IF(O13>=70,"جـ",IF(O13>=60,"ط",IF(O13>=50,"ل","ر"))))) -> 0 | R13: =IF(Q13>=90,"م",IF(Q13>=80,"جـ جـ",IF(Q13>=70,"جـ",IF(Q13>=60,"ط",IF(Q13>=50,"ل","ر"))))) -> 0 | T13: =IF(S13>=90,"م",IF(S13>=80,"جـ جـ",IF(S13>=70,"جـ",IF(S13>=60,"ط",IF(S13>=50,"ل","ر"))))) -> 0 | V13: =IF(U13>=90,"م",IF(U13>=80,"جـ جـ",IF(U13>=70,"جـ",IF(U13>=60,"ط",IF(U13>=50,"ل","ر"))))) -> 0 | X13: =IF(W13>=90,"م",IF(W13>=80,"جـ جـ",IF(W13>=70,"جـ",IF(W13>=60,"ط",IF(W13>=50,"ل","ر"))))) -> 0 | Z13: =IF(Y13>=90,"م",IF(Y13>=80,"جـ جـ",IF(Y13>=70,"جـ",IF(Y13>=60,"ط",IF(Y13>=50,"ل","ر"))))) -> 0 | AA13: =IF(AND(E13>=50, G13>=50, I13>=50, K13>=50, M13>=50, O13>=50, Q13>=50, S13>=50, U13>=50, W13>=50, Y13>=50), "ناجح", "راسب") -> 0 | AB13: =(E13*7 + G13*2 + I13*6 + K13*7 + M13*4 + O13*2 + Q13*4 + S13*4 + U13*2 + W13*0) / (7 + 2 + 6 + 7 + 4 + 2 + 4 + 4 + 2 + 0) -> 0 | AC13: =IF(AB13>=90,"امتياز",IF(AB13>=80,"جيد جدا",IF(AB13>=70,"جيد",IF(AB13>=60,"متوسط",IF(AB13>=50,"مقبول","راسب"))))) -> 0
B16: 4 | C16: احمد طالب ثجيل هادي | D16: ذ | F16: =IF(E16>=90,"م",IF(E16>=80,"جـ جـ",IF(E16>=70,"جـ",IF(E16>=60,"ط",IF(E16>=50,"ل","ر"))))) -> 0 | H16: =IF(G16>=90,"م",IF(G16>=80,"جـ جـ",IF(G16>=70,"جـ",IF(G16>=60,"ط",IF(G16>=50,"ل","ر"))))) -> 0 | J16: =IF(I16>=90,"م",IF(I16>=80,"جـ جـ",IF(I16>=70,"جـ",IF(I16>=60,"ط",IF(I16>=50,"ل","ر"))))) -> 0 | L16: =IF(K16>=90,"م",IF(K16>=80,"جـ جـ",IF(K16>=70,"جـ",IF(K16>=60,"ط",IF(K16>=50,"ل","ر"))))) -> 0 | N16: =IF(M16>=90,"م",IF(M16>=80,"جـ جـ",IF(M16>=70,"جـ",IF(M16>=60,"ط",IF(M16>=50,"ل","ر"))))) -> 0 | P16: =IF(O16>=90,"م",IF(O16>=80,"جـ جـ",IF(O16>=70,"جـ",IF(O16>=60,"ط",IF(O16>=50,"ل","ر"))))) -> 0 | R16: =IF(Q16>=90,"م",IF(Q16>=80,"جـ جـ",IF(Q16>=70,"جـ",IF(Q16>=60,"ط",IF(Q16>=50,"ل","ر"))))) -> 0 | T16: =IF(S16>=90,"م",IF(S16>=80,"جـ جـ",IF(S16>=70,"جـ",IF(S16>=60,"ط",IF(S16>=50,"ل","ر"))))) -> 0 | V16: =IF(U16>=90,"م",IF(U16>=80,"جـ جـ",IF(U16>=70,"جـ",IF(U16>=60,"ط",IF(U16>=50,"ل","ر"))))) -> 0 | X16: =IF(W16>=90,"م",IF(W16>=80,"جـ جـ",IF(W16>=70,"جـ",IF(W16>=60,"ط",IF(W16>=50,"ل","ر"))))) -> 0 | Z16: =IF(Y16>=90,"م",IF(Y16>=80,"جـ جـ",IF(Y16>=70,"جـ",IF(Y16>=60,"ط",IF(Y16>=50,"ل","ر"))))) -> 0 | AA16: =IF(AND(E16>=50, G16>=50, I16>=50, K16>=50, M16>=50, O16>=50, Q16>=50, S16>=50, U16>=50, W16>=50, Y16>=50), "ناجح", "راسب") -> 0 | AB16: =(E16*7 + G16*2 + I16*6 + K16*7 + M16*4 + O16*2 + Q16*4 + S16*4 + U16*2 + W16*0) / (7 + 2 + 6 + 7 + 4 + 2 + 4 + 4 + 2 + 0) -> 0 | AC16: =IF(AB16>=90,"امتياز",IF(AB16>=80,"جيد جدا",IF(AB16>=70,"جيد",IF(AB16>=60,"متوسط",IF(AB16>=50,"مقبول","راسب"))))) -> 0
B19: 5 | C19: احمد عماد ثجيل عبد | D19: ذ | F19: =IF(E19>=90,"م",IF(E19>=80,"جـ جـ",IF(E19>=70,"جـ",IF(E19>=60,"ط",IF(E19>=50,"ل","ر"))))) -> 0 | H19: =IF(G19>=90,"م",IF(G19>=80,"جـ جـ",IF(G19>=70,"جـ",IF(G19>=60,"ط",IF(G19>=50,"ل","ر"))))) -> 0 | J19: =IF(I19>=90,"م",IF(I19>=80,"جـ جـ",IF(I19>=70,"جـ",IF(I19>=60,"ط",IF(I19>=50,"ل","ر"))))) -> 0 | L19: =IF(K19>=90,"م",IF(K19>=80,"جـ جـ",IF(K19>=70,"جـ",IF(K19>=60,"ط",IF(K19>=50,"ل","ر"))))) -> 0 | N19: =IF(M19>=90,"م",IF(M19>=80,"جـ جـ",IF(M19>=70,"جـ",IF(M19>=60,"ط",IF(M19>=50,"ل","ر"))))) -> 0 | P19: =IF(O19>=90,"م",IF(O19>=80,"جـ جـ",IF(O19>=70,"جـ",IF(O19>=60,"ط",IF(O19>=50,"ل","ر"))))) -> 0 | R19: =IF(Q19>=90,"م",IF(Q19>=80,"جـ جـ",IF(Q19>=70,"جـ",IF(Q19>=60,"ط",IF(Q19>=50,"ل","ر"))))) -> 0 | T19: =IF(S19>=90,"م",IF(S19>=80,"جـ جـ",IF(S19>=70,"جـ",IF(S19>=60,"ط",IF(S19>=50,"ل","ر"))))) -> 0 | V19: =IF(U19>=90,"م",IF(U19>=80,"جـ جـ",IF(U19>=70,"جـ",IF(U19>=60,"ط",IF(U19>=50,"ل","ر"))))) -> 0 | X19: =IF(W19>=90,"م",IF(W19>=80,"جـ جـ",IF(W19>=70,"جـ",IF(W19>=60,"ط",IF(W19>=50,"ل","ر"))))) -> 0 | Z19: =IF(Y19>=90,"م",IF(Y19>=80,"جـ جـ",IF(Y19>=70,"جـ",IF(Y19>=60,"ط",IF(Y19>=50,"ل","ر"))))) -> 0 | AA19: =IF(AND(E19>=50, G19>=50, I19>=50, K19>=50, M19>=50, O19>=50, Q19>=50, S19>=50, U19>=50, W19>=50, Y19>=50), "ناجح", "راسب") -> 0 | AB19: =(E19*7 + G19*2 + I19*6 + K19*7 + M19*4 + O19*2 + Q19*4 + S19*4 + U19*2 + W19*0) / (7 + 2 + 6 + 7 + 4 + 2 + 4 + 4 + 2 + 0) -> 0 | AC19: =IF(AB19>=90,"امتياز",IF(AB19>=80,"جيد جدا",IF(AB19>=70,"جيد",IF(AB19>=60,"متوسط",IF(AB19>=50,"مقبول","راسب"))))) -> 0
B22: 6 | C22: احمد فلاح حسن جبر | D22: ذ | F22: =IF(E22>=90,"م",IF(E22>=80,"جـ جـ",IF(E22>=70,"جـ",IF(E22>=60,"ط",IF(E22>=50,"ل","ر"))))) -> 0 | H22: =IF(G22>=90,"م",IF(G22>=80,"جـ جـ",IF(G22>=70,"جـ",IF(G22>=60,"ط",IF(G22>=50,"ل","ر"))))) -> 0 | J22: =IF(I22>=90,"م",IF(I22>=80,"جـ جـ",IF(I22>=70,"جـ",IF(I22>=60,"ط",IF(I22>=50,"ل","ر"))))) -> 0 | L22: =IF(K22>=90,"م",IF(K22>=80,"جـ جـ",IF(K22>=70,"جـ",IF(K22>=60,"ط",IF(K22>=50,"ل","ر"))))) -> 0 | N22: =IF(M22>=90,"م",IF(M22>=80,"جـ جـ",IF(M22>=70,"جـ",IF(M22>=60,"ط",IF(M22>=50,"ل","ر"))))) -> 0 | P22: =IF(O22>=90,"م",IF(O22>=80,"جـ جـ",IF(O22>=70,"جـ",IF(O22>=60,"ط",IF(O22>=50,"ل","ر"))))) -> 0 | R22: =IF(Q22>=90,"م",IF(Q22>=80,"جـ جـ",IF(Q22>=70,"جـ",IF(Q22>=60,"ط",IF(Q22>=50,"ل","ر"))))) -> 0 | T22: =IF(S22>=90,"م",IF(S22>=80,"جـ جـ",IF(S22>=70,"جـ",IF(S22>=60,"ط",IF(S22>=50,"ل","ر"))))) -> 0 | V22: =IF(U22>=90,"م",IF(U22>=80,"جـ جـ",IF(U22>=70,"جـ",IF(U22>=60,"ط",IF(U22>=50,"ل","ر"))))) -> 0 | X22: =IF(W22>=90,"م",IF(W22>=80,"جـ جـ",IF(W22>=70,"جـ",IF(W22>=60,"ط",IF(W22>=50,"ل","ر"))))) -> 0 | Z22: =IF(Y22>=90,"م",IF(Y22>=80,"جـ جـ",IF(Y22>=70,"جـ",IF(Y22>=60,"ط",IF(Y22>=50,"ل","ر"))))) -> 0 | AA22: =IF(AND(E22>=50, G22>=50, I22>=50, K22>=50, M22>=50, O22>=50, Q22>=50, S22>=50, U22>=50, W22>=50, Y22>=50), "ناجح", "راسب") -> 0 | AB22: =(E22*7 + G22*2 + I22*6 + K22*7 + M22*4 + O22*2 + Q22*4 + S22*4 + U22*2 + W22*0) / (7 + 2 + 6 + 7 + 4 + 2 + 4 + 4 + 2 + 0) -> 0 | AC22: =IF(AB22>=90,"امتياز",IF(AB22>=80,"جيد جدا",IF(AB22>=70,"جيد",IF(AB22>=60,"متوسط",IF(AB22>=50,"مقبول","راسب"))))) -> 0
B25: 7 | C25: اديان صالح مهدي عاتي | D25: ذ | F25: =IF(E25>=90,"م",IF(E25>=80,"جـ جـ",IF(E25>=70,"جـ",IF(E25>=60,"ط",IF(E25>=50,"ل","ر"))))) -> 0 | H25: =IF(G25>=90,"م",IF(G25>=80,"جـ جـ",IF(G25>=70,"جـ",IF(G25>=60,"ط",IF(G25>=50,"ل","ر"))))) -> 0 | J25: =IF(I25>=90,"م",IF(I25>=80,"جـ جـ",IF(I25>=70,"جـ",IF(I25>=60,"ط",IF(I25>=50,"ل","ر"))))) -> 0 | L25: =IF(K25>=90,"م",IF(K25>=80,"جـ جـ",IF(K25>=70,"جـ",IF(K25>=60,"ط",IF(K25>=50,"ل","ر"))))) -> 0 | N25: =IF(M25>=90,"م",IF(M25>=80,"جـ جـ",IF(M25>=70,"جـ",IF(M25>=60,"ط",IF(M25>=50,"ل","ر"))))) -> 0 | P25: =IF(O25>=90,"م",IF(O25>=80,"جـ جـ",IF(O25>=70,"جـ",IF(O25>=60,"ط",IF(O25>=50,"ل","ر"))))) -> 0 | R25: =IF(Q25>=90,"م",IF(Q25>=80,"جـ جـ",IF(Q25>=70,"جـ",IF(Q25>=60,"ط",IF(Q25>=50,"ل","ر"))))) -> 0 | T25: =IF(S25>=90,"م",IF(S25>=80,"جـ جـ",IF(S25>=70,"جـ",IF(S25>=60,"ط",IF(S25>=50,"ل","ر"))))) -> 0 | V25: =IF(U25>=90,"م",IF(U25>=80,"جـ جـ",IF(U25>=70,"جـ",IF(U25>=60,"ط",IF(U25>=50,"ل","ر"))))) -> 0 | X25: =IF(W25>=90,"م",IF(W25>=80,"جـ جـ",IF(W25>=70,"جـ",IF(W25>=60,"ط",IF(W25>=50,"ل","ر"))))) -> 0 | Z25: =IF(Y25>=90,"م",IF(Y25>=80,"جـ جـ",IF(Y25>=70,"جـ",IF(Y25>=60,"ط",IF(Y25>=50,"ل","ر"))))) -> 0 | AA25: =IF(AND(E25>=50, G25>=50, I25>=50, K25>=50, M25>=50, O25>=50, Q25>=50, S25>=50, U25>=50, W25>=50, Y25>=50), "ناجح", "راسب") -> 0 | AB25: =(E25*7 + G25*2 + I25*6 + K25*7 + M25*4 + O25*2 + Q25*4 + S25*4 + U25*2 + W25*0) / (7 + 2 + 6 + 7 + 4 + 2 + 4 + 4 + 2 + 0) -> 0 | AC25: =IF(AB25>=90,"امتياز",IF(AB25>=80,"جيد جدا",IF(AB25>=70,"جيد",IF(AB25>=60,"متوسط",IF(AB25>=50,"مقبول","راسب"))))) -> 0
B28: 8 | C28: ارشد صلاح جواد حسن | D28: ذ | F28: =IF(E28>=90,"م",IF(E28>=80,"جـ جـ",IF(E28>=70,"جـ",IF(E28>=60,"ط",IF(E28>=50,"ل","ر"))))) -> 0 | H28: =IF(G28>=90,"م",IF(G28>=80,"جـ جـ",IF(G28>=70,"جـ",IF(G28>=60,"ط",IF(G28>=50,"ل","ر"))))) -> 0 | J28: =IF(I28>=90,"م",IF(I28>=80,"جـ جـ",IF(I28>=70,"جـ",IF(I28>=60,"ط",IF(I28>=50,"ل","ر"))))) -> 0 | L28: =IF(K28>=90,"م",IF(K28>=80,"جـ جـ",IF(K28>=70,"جـ",IF(K28>=60,"ط",IF(K28>=50,"ل","ر"))))) -> 0 | N28: =IF(M28>=90,"م",IF(M28>=80,"جـ جـ",IF(M28>=70,"جـ",IF(M28>=60,"ط",IF(M28>=50,"ل","ر"))))) -> 0 | P28: =IF(O28>=90,"م",IF(O28>=80,"جـ جـ",IF(O28>=70,"جـ",IF(O28>=60,"ط",IF(O28>=50,"ل","ر"))))) -> 0 | R28: =IF(Q28>=90,"م",IF(Q28>=80,"جـ جـ",IF(Q28>=70,"جـ",IF(Q28>=60,"ط",IF(Q28>=50,"ل","ر"))))) -> 0 | T28: =IF(S28>=90,"م",IF(S28>=80,"جـ جـ",IF(S28>=70,"جـ",IF(S28>=60,"ط",IF(S28>=50,"ل","ر"))))) -> 0 | V28: =IF(U28>=90,"م",IF(U28>=80,"جـ جـ",IF(U28>=70,"جـ",IF(U28>=60,"ط",IF(U28>=50,"ل","ر"))))) -> 0 | X28: =IF(W28>=90,"م",IF(W28>=80,"جـ جـ",IF(W28>=70,"جـ",IF(W28>=60,"ط",IF(W28>=50,"ل","ر"))))) -> 0 | Z28: =IF(Y28>=90,"م",IF(Y28>=80,"جـ جـ",IF(Y28>=70,"جـ",IF(Y28>=60,"ط",IF(Y28>=50,"ل","ر"))))) -> 0 | AA28: =IF(AND(E28>=50, G28>=50, I28>=50, K28>=50, M28>=50, O28>=50, Q28>=50, S28>=50, U28>=50, W28>=50, Y28>=50), "ناجح", "راسب") -> 0 | AB28: =(E28*7 + G28*2 + I28*6 + K28*7 + M28*4 + O28*2 + Q28*4 + S28*4 + U28*2 + W28*0) / (7 + 2 + 6 + 7 + 4 + 2 + 4 + 4 + 2 + 0) -> 0 | AC28: =IF(AB28>=90,"امتياز",IF(AB28>=80,"جيد جدا",IF(AB28>=70,"جيد",IF(AB28>=60,"متوسط",IF(AB28>=50,"مقبول","راسب"))))) -> 0
B31: 9 | C31: استبرق عبدالمنعم كاظم محمد | D31: ذ | F31: =IF(E31>=90,"م",IF(E31>=80,"جـ جـ",IF(E31>=70,"جـ",IF(E31>=60,"ط",IF(E31>=50,"ل","ر"))))) -> 0 | H31: =IF(G31>=90,"م",IF(G31>=80,"جـ جـ",IF(G31>=70,"جـ",IF(G31>=60,"ط",IF(G31>=50,"ل","ر"))))) -> 0 | J31: =IF(I31>=90,"م",IF(I31>=80,"جـ جـ",IF(I31>=70,"جـ",IF(I31>=60,"ط",IF(I31>=50,"ل","ر"))))) -> 0 | L31: =IF(K31>=90,"م",IF(K31>=80,"جـ جـ",IF(K31>=70,"جـ",IF(K31>=60,"ط",IF(K31>=50,"ل","ر"))))) -> 0 | N31: =IF(M31>=90,"م",IF(M31>=80,"جـ جـ",IF(M31>=70,"جـ",IF(M31>=60,"ط",IF(M31>=50,"ل","ر"))))) -> 0 | P31: =IF(O31>=90,"م",IF(O31>=80,"جـ جـ",IF(O31>=70,"جـ",IF(O31>=60,"ط",IF(O31>=50,"ل","ر"))))) -> 0 | R31: =IF(Q31>=90,"م",IF(Q31>=80,"جـ جـ",IF(Q31>=70,"جـ",IF(Q31>=60,"ط",IF(Q31>=50,"ل","ر"))))) -> 0 | T31: =IF(S31>=90,"م",IF(S31>=80,"جـ جـ",IF(S31>=70,"جـ",IF(S31>=60,"ط",IF(S31>=50,"ل","ر"))))) -> 0 | V31: =IF(U31>=90,"م",IF(U31>=80,"جـ جـ",IF(U31>=70,"جـ",IF(U31>=60,"ط",IF(U31>=50,"ل","ر"))))) -> 0 | X31: =IF(W31>=90,"م",IF(W31>=80,"جـ جـ",IF(W31>=70,"جـ",IF(W31>=60,"ط",IF(W31>=50,"ل","ر"))))) -> 0 | Z31: =IF(Y31>=90,"م",IF(Y31>=80,"جـ جـ",IF(Y31>=70,"جـ",IF(Y31>=60,"ط",IF(Y31>=50,"ل","ر"))))) -> 0 | AA31: =IF(AND(E31>=50, G31>=50, I31>=50, K31>=50, M31>=50, O31>=50, Q31>=50, S31>=50, U31>=50, W31>=50, Y31>=50), "ناجح", "راسب") -> 0 | AB31: =(E31*7 + G31*2 + I31*6 + K31*7 + M31*4 + O31*2 + Q31*4 + S31*4 + U31*2 + W31*0) / (7 + 2 + 6 + 7 + 4 + 2 + 4 + 4 + 2 + 0) -> 0 | AC31: =IF(AB31>=90,"امتياز",IF(AB31>=80,"جيد جدا",IF(AB31>=70,"جيد",IF(AB31>=60,"متوسط",IF(AB31>=50,"مقبول","راسب"))))) -> 0
B34: 10 | C34: اطياف حامد سالم مجيد | D34: ذ | F34: =IF(E34>=90,"م",IF(E34>=80,"جـ جـ",IF(E34>=70,"جـ",IF(E34>=60,"ط",IF(E34>=50,"ل","ر"))))) -> 0 | H34: =IF(G34>=90,"م",IF(G34>=80,"جـ جـ",IF(G34>=70,"جـ",IF(G34>=60,"ط",IF(G34>=50,"ل","ر"))))) -> 0 | J34: =IF(I34>=90,"م",IF(I34>=80,"جـ جـ",IF(I34>=70,"جـ",IF(I34>=60,"ط",IF(I34>=50,"ل","ر"))))) -> 0 | L34: =IF(K34>=90,"م",IF(K34>=80,"جـ جـ",IF(K34>=70,"جـ",IF(K34>=60,"ط",IF(K34>=50,"ل","ر"))))) -> 0 | N34: =IF(M34>=90,"م",IF(M34>=80,"جـ جـ",IF(M34>=70,"جـ",IF(M34>=60,"ط",IF(M34>=50,"ل","ر"))))) -> 0 | P34: =IF(O34>=90,"م",IF(O34>=80,"جـ جـ",IF(O34>=70,"جـ",IF(O34>=60,"ط",IF(O34>=50,"ل","ر"))))) -> 0 | R34: =IF(Q34>=90,"م",IF(Q34>=80,"جـ جـ",IF(Q34>=70,"جـ",IF(Q34>=60,"ط",IF(Q34>=50,"ل","ر"))))) -> 0 | T34: =IF(S34>=90,"م",IF(S34>=80,"جـ جـ",IF(S34>=70,"جـ",IF(S34>=60,"ط",IF(S34>=50,"ل","ر"))))) -> 0 | V34: =IF(U34>=90,"م",IF(U34>=80,"جـ جـ",IF(U34>=70,"جـ",IF(U34>=60,"ط",IF(U34>=50,"ل","ر"))))) -> 0 | X34: =IF(W34>=90,"م",IF(W34>=80,"جـ جـ",IF(W34>=70,"جـ",IF(W34>=60,"ط",IF(W34>=50,"ل","ر"))))) -> 0 | Z34: =IF(Y34>=90,"م",IF(Y34>=80,"جـ جـ",IF(Y34>=70,"جـ",IF(Y34>=60,"ط",IF(Y34>=50,"ل","ر"))))) -> 0 | AA34: =IF(AND(E34>=50, G34>=50, I34>=50, K34>=50, M34>=50, O34>=50, Q34>=50, S34>=50, U34>=50, W34>=50, Y34>=50), "ناجح", "راسب") -> 0 | AB34: =(E34*7 + G34*2 + I34*6 + K34*7 + M34*4 + O34*2 + Q34*4 + S34*4 + U34*2 + W34*0) / (7 + 2 + 6 + 7 + 4 + 2 + 4 + 4 + 2 + 0) -> 0 | AC34: =IF(AB34>=90,"امتياز",IF(AB34>=80,"جيد جدا",IF(AB34>=70,"جيد",IF(AB34>=60,"متوسط",IF(AB34>=50,"مقبول","راسب"))))) -> 0
C38: اعضاء اللجنة الامتحانية:
C39: عضو اللجنة رقم 1 | F39: عضو اللجنة رقم 4 | K39: عضو اللجنة رقم 7 | P39: عضو اللجنة رقم 10 | W39: عضو اللجنة المركزية | AB39: عضو اللجنة المركزية | AF39: رئيس اللجنة المركزية
C40: عضو اللجنة رقم 2 | F40: عضو اللجنة رقم 5 | K40: عضو اللجنة رقم 8 | P40: عضو اللجنة رقم 11 | W40: اسم رئيس القسم | AB40: اسم المعاون العلمي | AF40: اسم عميد الكلية
C41: عضو اللجنة رقم 3 | F41: عضو اللجنة رقم 6 | K41: عضو اللجنة رقم 9 | P41: عضو اللجنة رقم 12
B43: 1 | C43: يمثل الحقل الاول ازاء اسم الطالب درجات الدور الاول و الذي يليه الدور الثاني و الحقل الثالث الاستحقاق
B44: 2 | C44: يثبت ازاء اسم الطالب سنة الرسوب ويوضع خط احمر تحت اسمه وتثبت درجات المواد غير المطالب بها لنجاحه في سنة سابقة بحبر اخضر
B45: 3 | C45: ل= مقبول ، ط= متوسط ، جـ= جيد ، جـ جـ = جيد جداً ، م = امتياز
C51: جامعةالبصرة | G51: صفحة 2 من 5 | AF51: القسم:الفيزياء
C52: كليةالتربية الصرفة | AF52: المرحلـــــة:الثانية
AF53: الفصـــــــل : (سنوي)
G54: سجل الدرجات النهائية للسنة الدراسية2024-2025
B55: التسلسل | C55: الوحدات | D55: الجنس | E55: 7 | G55: 2 | I55: 6 | K55: 7 | M55: 4 | O55: 2 | Q55: 4 | S55: 4 | U55: 2 | W55: 0 | Y55: 3 | AA55: النتيجة | AB55: المعدل | AC55: التقدير | AD55: الترتيب | AE55: المعدل المرحلة% | AF55: الملاحظات
C56: اسم الطالب المواضيع | E56: الكهربائية والمغناطيسية | G56: اللغة العربية | I56: الرياضيات | K56: الميكانيك | M56: علم النفس | O56: الحاسبات | Q56: الحرارة وخواص المادة | S56: اسس التربية | U56: حقوق الانسان و الديمقراطية | W56: التربية الرياضية | Y56: حقوق الانسان و الديمقراطية
B57: 11 | C57: انعام قاسم محمد علي صالح | D57: ذ | F57: =IF(E57>=90,"م",IF(E57>=80,"جـ جـ",IF(E57>=70,"جـ",IF(E57>=60,"ط",IF(E57>=50,"ل","ر"))))) -> 0 | H57: =IF(G57>=90,"م",IF(G57>=80,"جـ جـ",IF(G57>=70,"جـ",IF(G57>=60,"ط",IF(G57>=50,"ل","ر"))))) -> 0 | J57: =IF(I57>=90,"م",IF(I57>=80,"جـ جـ",IF(I57>=70,"جـ",IF(I57>=60,"ط",IF(I57>=50,"ل","ر"))))) -> 0 | L57: =IF(K57>=90,"م",IF(K57>=80,"جـ جـ",IF(K57>=70,"جـ",IF(K57>=60,"ط",IF(K57>=50,"ل","ر"))))) -> 0 | N57: =IF(M57>=90,"م",IF(M57>=80,"جـ جـ",IF(M57>=70,"جـ",IF(M57>=60,"ط",IF(M57>=50,"ل","ر"))))) -> 0 | P57: =IF(O57>=90,"م",IF(O57>=80,"جـ جـ",IF(O57>=70,"جـ",IF(O57>=60,"ط",IF(O57>=50,"ل","ر"))))) -> 0 | R57: =IF(Q57>=90,"م",IF(Q57>=80,"جـ جـ",IF(Q57>=70,"جـ",IF(Q57>=60,"ط",IF(Q57>=50,"ل","ر"))))) -> 0 | T57: =IF(S57>=90,"م",IF(S57>=80,"جـ جـ",IF(S57>=70,"جـ",IF(S57>=60,"ط",IF(S57>=50,"ل","ر"))))) -> 0 | V57: =IF(U57>=90,"م",IF(U57>=80,"جـ جـ",IF(U57>=70,"جـ",IF(U57>=60,"ط",IF(U57>=50,"ل","ر"))))) -> 0 | X57: =IF(W57>=90,"م",IF(W57>=80,"جـ جـ",IF(W57>=70,"جـ",IF(W57>=60,"ط",IF(W57>=50,"ل","ر"))))) -> 0 | Z57: =IF(Y57>=90,"م",IF(Y57>=80,"جـ جـ",IF(Y57>=70,"جـ",IF(Y57>=60,"ط",IF(Y57>=50,"ل","ر"))))) -> 0 | AA57: =IF(AND(E57>=50, G57>=50, I57>=50, K57>=50, M57>=50, O57>=50, Q57>=50, S57>=50, U57>=50, W57>=50, Y57>=50), "ناجح", "راسب") -> 0 | AB57: =(E57*7 + G57*2 + I57*6 + K57*7 + M57*4 + O57*2 + Q57*4 + S57*4 + U57*2 + W57*0) / (7 + 2 + 6 + 7 + 4 + 2 + 4 + 4 + 2 + 0) -> 0 | AC57: =IF(AB57>=90,"امتياز",IF(AB57>=80,"جيد جدا",IF(AB57>=70,"جيد",IF(AB57>=60,"متوسط",IF(AB57>=50,"مقبول","راسب"))))) -> 0
B60: 12 | C60: انور رحيم خميس حسن | D60: ذ | F60: =IF(E60>=90,"م",IF(E60>=80,"جـ جـ",IF(E60>=70,"جـ",IF(E60>=60,"ط",IF(E60>=50,"ل","ر"))))) -> 0 | H60: =IF(G60>=90,"م",IF(G60>=80,"جـ جـ",IF(G60>=70,"جـ",IF(G60>=60,"ط",IF(G60>=50,"ل","ر"))))) -> 0 | J60: =IF(I60>=90,"م",IF(I60>=80,"جـ جـ",IF(I60>=70,"جـ",IF(I60>=60,"ط",IF(I60>=50,"ل","ر"))))) -> 0 | L60: =IF(K60>=90,"م",IF(K60>=80,"جـ جـ",IF(K60>=70,"جـ",IF(K60>=60,"ط",IF(K60>=50,"ل","ر"))))) -> 0 | N60: =IF(M60>=90,"م",IF(M60>=80,"جـ جـ",IF(M60>=70,"جـ",IF(M60>=60,"ط",IF(M60>=50,"ل","ر"))))) -> 0 | P60: =IF(O60>=90,"م",IF(O60>=80,"جـ جـ",IF(O60>=70,"جـ",IF(O60>=60,"ط",IF(O60>=50,"ل","ر"))))) -> 0 | R60: =IF(Q60>=90,"م",IF(Q60>=80,"جـ جـ",IF(Q60>=70,"جـ",IF(Q60>=60,"ط",IF(Q60>=50,"ل","ر"))))) -> 0 | T60: =IF(S60>=90,"م",IF(S60>=80,"جـ جـ",IF(S60>=70,"جـ",IF(S60>=60,"ط",IF(S60>=50,"ل","ر"))))) -> 0 | V60: =IF(U60>=90,"م",IF(U60>=80,"جـ جـ",IF(U60>=70,"جـ",IF(U60>=60,"ط",IF(U60>=50,"ل","ر"))))) -> 0 | X60: =IF(W60>=90,"م",IF(W60>=80,"جـ جـ",IF(W60>=70,"جـ",IF(W60>=60,"ط",IF(W60>=50,"ل","ر"))))) -> 0 | Z60: =IF(Y60>=90,"م",IF(Y60>=80,"جـ جـ",IF(Y60>=70,"جـ",IF(Y60>=60,"ط",IF(Y60>=50,"ل","ر"))))) -> 0 | AA60: =IF(AND(E60>=50, G60>=50, I60>=50, K60>=50, M60>=50, O60>=50, Q60>=50, S60>=50, U60>=50, W60>=50, Y60>=50), "ناجح", "راسب") -> 0 | AB60: =(E60*7 + G60*2 + I60*6 + K60*7 + M60*4 + O60*2 + Q60*4 + S60*4 + U60*2 + W60*0) / (7 + 2 + 6 + 7 + 4 + 2 + 4 + 4 + 2 + 0) -> 0 | AC60: =IF(AB60>=90,"امتياز",IF(AB60>=80,"جيد جدا",IF(AB60>=70,"جيد",IF(AB60>=60,"متوسط",IF(AB60>=50,"مقبول","راسب"))))) -> 0
B63: 13 | C63: ايمان زكي علي حسين | D63: ذ | F63: =IF(E63>=90,"م",IF(E63>=80,"جـ جـ",IF(E63>=70,"جـ",IF(E63>=60,"ط",IF(E63>=50,"ل","ر"))))) -> 0 | H63: =IF(G63>=90,"م",IF(G63>=80,"جـ جـ",IF(G63>=70,"جـ",IF(G63>=60,"ط",IF(G63>=50,"ل","ر"))))) -> 0 | J63: =IF(I63>=90,"م",IF(I63>=80,"جـ جـ",IF(I63>=70,"جـ",IF(I63>=60,"ط",IF(I63>=50,"ل","ر"))))) -> 0 | L63: =IF(K63>=90,"م",IF(K63>=80,"جـ جـ",IF(K63>=70,"جـ",IF(K63>=60,"ط",IF(K63>=50,"ل","ر"))))) -> 0 | N63: =IF(M63>=90,"م",IF(M63>=80,"جـ جـ",IF(M63>=70,"جـ",IF(M63>=60,"ط",IF(M63>=50,"ل","ر"))))) -> 0 | P63: =IF(O63>=90,"م",IF(O63>=80,"جـ جـ",IF(O63>=70,"جـ",IF(O63>=60,"ط",IF(O63>=50,"ل","ر"))))) -> 0 | R63: =IF(Q63>=90,"م",IF(Q63>=80,"جـ جـ",IF(Q63>=70,"جـ",IF(Q63>=60,"ط",IF(Q63>=50,"ل","ر"))))) -> 0 | T63: =IF(S63>=90,"م",IF(S63>=80,"جـ جـ",IF(S63>=70,"جـ",IF(S63>=60,"ط",IF(S63>=50,"ل","ر"))))) -> 0 | V63: =IF(U63>=90,"م",IF(U63>=80,"جـ جـ",IF(U63>=70,"جـ",IF(U63>=60,"ط",IF(U63>=50,"ل","ر"))))) -> 0 | X63: =IF(W63>=90,"م",IF(W63>=80,"جـ جـ",IF(W63>=70,"جـ",IF(W63>=60,"ط",IF(W63>=50,"ل","ر"))))) -> 0 | Z63: =IF(Y63>=90,"م",IF(Y63>=80,"جـ جـ",IF(Y63>=70,"جـ",IF(Y63>=60,"ط",IF(Y63>=50,"ل","ر"))))) -> 0 | AA63: =IF(AND(E63>=50, G63>=50, I63>=50, K63>=50, M63>=50, O63>=50, Q63>=50, S63>=50, U63>=50, W63>=50, Y63>=50), "ناجح", "راسب") -> 0 | AB63: =(E63*7 + G63*2 + I63*6 + K63*7 + M63*4 + O63*2 + Q63*4 + S63*4 + U63*2 + W63*0) / (7 + 2 + 6 + 7 + 4 + 2 + 4 + 4 + 2 + 0) -> 0 | AC63: =IF(AB63>=90,"امتياز",IF(AB63>=80,"جيد جدا",IF(AB63>=70,"جيد",IF(AB63>=60,"متوسط",IF(AB63>=50,"مقبول","راسب"))))) -> 0
B66: 14 | C66: ايمان مؤيد حسن عباس | D66: ذ | F66: =IF(E66>=90,"م",IF(E66>=80,"جـ جـ",IF(E66>=70,"جـ",IF(E66>=60,"ط",IF(E66>=50,"ل","ر"))))) -> 0 | H66: =IF(G66>=90,"م",IF(G66>=80,"جـ جـ",IF(G66>=70,"جـ",IF(G66>=60,"ط",IF(G66>=50,"ل","ر"))))) -> 0 | J66: =IF(I66>=90,"م",IF(I66>=80,"جـ جـ",IF(I66>=70,"جـ",IF(I66>=60,"ط",IF(I66>=50,"ل","ر"))))) -> 0 | L66: =IF(K66>=90,"م",IF(K66>=80,"جـ جـ",IF(K66>=70,"جـ",IF(K66>=60,"ط",IF(K66>=50,"ل","ر"))))) -> 0 | N66: =IF(M66>=90,"م",IF(M66>=80,"جـ جـ",IF(M66>=70,"جـ",IF(M66>=60,"ط",IF(M66>=50,"ل","ر"))))) -> 0 | P66: =IF(O66>=90,"م",IF(O66>=80,"جـ جـ",IF(O66>=70,"جـ",IF(O66>=60,"ط",IF(O66>=50,"ل","ر"))))) -> 0 | R66: =IF(Q66>=90,"م",IF(Q66>=80,"جـ جـ",IF(Q66>=70,"جـ",IF(Q66>=60,"ط",IF(Q66>=50,"ل","ر"))))) -> 0 | T66: =IF(S66>=90,"م",IF(S66>=80,"جـ جـ",IF(S66>=70,"جـ",IF(S66>=60,"ط",IF(S66>=50,"ل","ر"))))) -> 0 | V66: =IF(U66>=90,"م",IF(U66>=80,"جـ جـ",IF(U66>=70,"جـ",IF(U66>=60,"ط",IF(U66>=50,"ل","ر"))))) -> 0 | X66: =IF(W66>=90,"م",IF(W66>=80,"جـ جـ",IF(W66>=70,"جـ",IF(W66>=60,"ط",IF(W66>=50,"ل","ر"))))) -> 0 | Z66: =IF(Y66>=90,"م",IF(Y66>=80,"جـ جـ",IF(Y66>=70,"جـ",IF(Y66>=60,"ط",IF(Y66>=50,"ل","ر"))))) -> 0 | AA66: =IF(AND(E66>=50, G66>=50, I66>=50, K66>=50, M66>=50, O66>=50, Q66>=50, S66>=50, U66>=50, W66>=50, Y66>=50), "ناجح", "راسب") -> 0 | AB66: =(E66*7 + G66*2 + I66*6 + K66*7 + M66*4 + O66*2 + Q66*4 + S66*4 + U66*2 + W66*0) / (7 + 2 + 6 + 7 + 4 + 2 + 4 + 4 + 2 + 0) -> 0 | AC66: =IF(AB66>=90,"امتياز",IF(AB66>=80,"جيد جدا",IF(AB66>=70,"جيد",IF(AB66>=60,"متوسط",IF(AB66>=50,"مقبول","راسب"))))) -> 0
B69: 15 | C69: ايمن محمد رزاق صالح | D69: ذ | F69: =IF(E69>=90,"م",IF(E69>=80,"جـ جـ",IF(E69>=70,"جـ",IF(E69>=60,"ط",IF(E69>=50,"ل","ر"))))) -> 0 | H69: =IF(G69>=90,"م",IF(G69>=80,"جـ جـ",IF(G69>=70,"جـ",IF(G69>=60,"ط",IF(G69>=50,"ل","ر"))))) -> 0 | J69: =IF(I69>=90,"م",IF(I69>=80,"جـ جـ",IF(I69>=70,"جـ",IF(I69>=60,"ط",IF(I69>=50,"ل","ر"))))) -> 0 | L69: =IF(K69>=90,"م",IF(K69>=80,"جـ جـ",IF(K69>=70,"جـ",IF(K69>=60,"ط",IF(K69>=50,"ل","ر"))))) -> 0 | N69: =IF(M69>=90,"م",IF(M69>=80,"جـ جـ",IF(M69>=70,"جـ",IF(M69>=60,"ط",IF(M69>=50,"ل","ر"))))) -> 0 | P69: =IF(O69>=90,"م",IF(O69>=80,"جـ جـ",IF(O69>=70,"جـ",IF(O69>=60,"ط",IF(O69>=50,"ل","ر"))))) -> 0 | R69: =IF(Q69>=90,"م",IF(Q69>=80,"جـ جـ",IF(Q69>=70,"جـ",IF(Q69>=60,"ط",IF(Q69>=50,"ل","ر"))))) -> 0 | T69: =IF(S69>=90,"م",IF(S69>=80,"جـ جـ",IF(S69>=70,"جـ",IF(S69>=60,"ط",IF(S69>=50,"ل","ر"))))) -> 0 | V69: =IF(U69>=90,"م",IF(U69>=80,"جـ جـ",IF(U69>=70,"جـ",IF(U69>=60,"ط",IF(U69>=50,"ل","ر"))))) -> 0 | X69: =IF(W69>=90,"م",IF(W69>=80,"جـ جـ",IF(W69>=70,"جـ",IF(W69>=60,"ط",IF(W69>=50,"ل","ر"))))) -> 0 | Z69: =IF(Y69>=90,"م",IF(Y69>=80,"جـ جـ",IF(Y69>=70,"جـ",IF(Y69>=60,"ط",IF(Y69>=50,"ل","ر"))))) -> 0 | AA69: =IF(AND(E69>=50, G69>=50, I69>=50, K69>=50, M69>=50, O69>=50, Q69>=50, S69>=50, U69>=50, W69>=50, Y69>=50), "ناجح", "راسب") -> 0 | AB69: =(E69*7 + G69*2 + I69*6 + K69*7 + M69*4 + O69*2 + Q69*4 + S69*4 + U69*2 + W69*0) / (7 + 2 + 6 + 7 + 4 + 2 + 4 + 4 + 2 + 0) -> 0 | AC69: =IF(AB69>=90,"امتياز",IF(AB69>=80,"جيد جدا",IF(AB69>=70,"جيد",IF(AB69>=60,"متوسط",IF(AB69>=50,"مقبول","راسب"))))) -> 0
B72: 16 | C72: ايناس ثائر حسين كاظم | D72: ذ | F72: =IF(E72>=90,"م",IF(E72>=80,"جـ جـ",IF(E72>=70,"جـ",IF(E72>=60,"ط",IF(E72>=50,"ل","ر"))))) -> 0 | H72: =IF(G72>=90,"م",IF(G72>=80,"جـ جـ",IF(G72>=70,"جـ",IF(G72>=60,"ط",IF(G72>=50,"ل","ر"))))) -> 0 | J72: =IF(I72>=90,"م",IF(I72>=80,"جـ جـ",IF(I72>=70,"جـ",IF(I72>=60,"ط",IF(I72>=50,"ل","ر"))))) -> 0 | L72: =IF(K72>=90,"م",IF(K72>=80,"جـ جـ",IF(K72>=70,"جـ",IF(K72>=60,"ط",IF(K72>=50,"ل","ر"))))) -> 0 | N72: =IF(M72>=90,"م",IF(M72>=80,"جـ جـ",IF(M72>=70,"جـ",IF(M72>=60,"ط",IF(M72>=50,"ل","ر"))))) -> 0 | P72: =IF(O72>=90,"م",IF(O72>=80,"جـ جـ",IF(O72>=70,"جـ",IF(O72>=60,"ط",IF(O72>=50,"ل","ر"))))) -> 0 | R72: =IF(Q72>=90,"م",IF(Q72>=80,"جـ جـ",IF(Q72>=70,"جـ",IF(Q72>=60,"ط",IF(Q72>=50,"ل","ر"))))) -> 0 | T72: =IF(S72>=90,"م",IF(S72>=80,"جـ جـ",IF(S72>=70,"جـ",IF(S72>=60,"ط",IF(S72>=50,"ل","ر"))))) -> 0 | V72: =IF(U72>=90,"م",IF(U72>=80,"جـ جـ",IF(U72>=70,"جـ",IF(U72>=60,"ط",IF(U72>=50,"ل","ر"))))) -> 0 | X72: =IF(W72>=90,"م",IF(W72>=80,"جـ جـ",IF(W72>=70,"جـ",IF(W72>=60,"ط",IF(W72>=50,"ل","ر"))))) -> 0 | Z72: =IF(Y72>=90,"م",IF(Y72>=80,"جـ جـ",IF(Y72>=70,"جـ",IF(Y72>=60,"ط",IF(Y72>=50,"ل","ر"))))) -> 0 | AA72: =IF(AND(E72>=50, G72>=50, I72>=50, K72>=50, M72>=50, O72>=50, Q72>=50, S72>=50, U72>=50, W72>=50, Y72>=50), "ناجح", "راسب") -> 0 | AB72: =(E72*7 + G72*2 + I72*6 + K72*7 + M72*4 + O72*2 + Q72*4 + S72*4 + U72*2 + W72*0) / (7 + 2 + 6 + 7 + 4 + 2 + 4 + 4 + 2 + 0) -> 0 | AC72: =IF(AB72>=90,"امتياز",IF(AB72>=80,"جيد جدا",IF(AB72>=70,"جيد",IF(AB72>=60,"متوسط",IF(AB72>=50,"مقبول","راسب"))))) -> 0
B75: 17 | C75: ايناس عبدالحسين محيل مهجر | D75: ذ | F75: =IF(E75>=90,"م",IF(E75>=80,"جـ جـ",IF(E75>=70,"جـ",IF(E75>=60,"ط",IF(E75>=50,"ل","ر"))))) -> 0 | H75: =IF(G75>=90,"م",IF(G75>=80,"جـ جـ",IF(G75>=70,"جـ",IF(G75>=60,"ط",IF(G75>=50,"ل","ر"))))) -> 0 | J75: =IF(I75>=90,"م",IF(I75>=80,"جـ جـ",IF(I75>=70,"جـ",IF(I75>=60,"ط",IF(I75>=50,"ل","ر"))))) -> 0 | L75: =IF(K75>=90,"م",IF(K75>=80,"جـ جـ",IF(K75>=70,"جـ",IF(K75>=60,"ط",IF(K75>=50,"ل","ر"))))) -> 0 | N75: =IF(M75>=90,"م",IF(M75>=80,"جـ جـ",IF(M75>=70,"جـ",IF(M75>=60,"ط",IF(M75>=50,"ل","ر"))))) -> 0 | P75: =IF(O75>=90,"م",IF(O75>=80,"جـ جـ",IF(O75>=70,"جـ",IF(O75>=60,"ط",IF(O75>=50,"ل","ر"))))) -> 0 | R75: =IF(Q75>=90,"م",IF(Q75>=80,"جـ جـ",IF(Q75>=70,"جـ",IF(Q75>=60,"ط",IF(Q75>=50,"ل","ر"))))) -> 0 | T75: =IF(S75>=90,"م",IF(S75>=80,"جـ جـ",IF(S75>=70,"جـ",IF(S75>=60,"ط",IF(S75>=50,"ل","ر"))))) -> 0 | V75: =IF(U75>=90,"م",IF(U75>=80,"جـ جـ",IF(U75>=70,"جـ",IF(U75>=60,"ط",IF(U75>=50,"ل","ر"))))) -> 0 | X75: =IF(W75>=90,"م",IF(W75>=80,"جـ جـ",IF(W75>=70,"جـ",IF(W75>=60,"ط",IF(W75>=50,"ل","ر"))))) -> 0 | Z75: =IF(Y75>=90,"م",IF(Y75>=80,"جـ جـ",IF(Y75>=70,"جـ",IF(Y75>=60,"ط",IF(Y75>=50,"ل","ر"))))) -> 0 | AA75: =IF(AND(E75>=50, G75>=50, I75>=50, K75>=50, M75>=50, O75>=50, Q75>=50, S75>=50, U75>=50, W75>=50, Y75>=50), "ناجح", "راسب") -> 0 | AB75: =(E75*7 + G75*2 + I75*6 + K75*7 + M75*4 + O75*2 + Q75*4 + S75*4 + U75*2 + W75*0) / (7 + 2 + 6 + 7 + 4 + 2 + 4 + 4 + 2 + 0) -> 0 | AC75: =IF(AB75>=90,"امتياز",IF(AB75>=80,"جيد جدا",IF(AB75>=70,"جيد",IF(AB75>=60,"متوسط",IF(AB75>=50,"مقبول","راسب"))))) -> 0
B78: 18 | C78: ايوب شمخي جابر حسب | D78: ذ | F78: =IF(E78>=90,"م",IF(E78>=80,"جـ جـ",IF(E78>=70,"جـ",IF(E78>=60,"ط",IF(E78>=50,"ل","ر"))))) -> 0 | H78: =IF(G78>=90,"م",IF(G78>=80,"جـ جـ",IF(G78>=70,"جـ",IF(G78>=60,"ط",IF(G78>=50,"ل","ر"))))) -> 0 | J78: =IF(I78>=90,"م",IF(I78>=80,"جـ جـ",IF(I78>=70,"جـ",IF(I78>=60,"ط",IF(I78>=50,"ل","ر"))))) -> 0 | L78: =IF(K78>=90,"م",IF(K78>=80,"جـ جـ",IF(K78>=70,"جـ",IF(K78>=60,"ط",IF(K78>=50,"ل","ر"))))) -> 0 | N78: =IF(M78>=90,"م",IF(M78>=80,"جـ جـ",IF(M78>=70,"جـ",IF(M78>=60,"ط",IF(M78>=50,"ل","ر"))))) -> 0 | P78: =IF(O78>=90,"م",IF(O78>=80,"جـ جـ",IF(O78>=70,"جـ",IF(O78>=60,"ط",IF(O78>=50,"ل","ر"))))) -> 0 | R78: =IF(Q78>=90,"م",IF(Q78>=80,"جـ جـ",IF(Q78>=70,"جـ",IF(Q78>=60,"ط",IF(Q78>=50,"ل","ر"))))) -> 0 | T78: =IF(S78>=90,"م",IF(S78>=80,"جـ جـ",IF(S78>=70,"جـ",IF(S78>=60,"ط",IF(S78>=50,"ل","ر"))))) -> 0 | V78: =IF(U78>=90,"م",IF(U78>=80,"جـ جـ",IF(U78>=70,"جـ",IF(U78>=60,"ط",IF(U78>=50,"ل","ر"))))) -> 0 | X78: =IF(W78>=90,"م",IF(W78>=80,"جـ جـ",IF(W78>=70,"جـ",IF(W78>=60,"ط",IF(W78>=50,"ل","ر"))))) -> 0 | Z78: =IF(Y78>=90,"م",IF(Y78>=80,"جـ جـ",IF(Y78>=70,"جـ",IF(Y78>=60,"ط",IF(Y78>=50,"ل","ر"))))) -> 0 | AA78: =IF(AND(E78>=50, G78>=50, I78>=50, K78>=50, M78>=50, O78>=50, Q78>=50, S78>=50, U78>=50, W78>=50, Y78>=50), "ناجح", "راسب") -> 0 | AB78: =(E78*7 + G78*2 + I78*6 + K78*7 + M78*4 + O78*2 + Q78*4 + S78*4 + U78*2 + W78*0) / (7 + 2 + 6 + 7 + 4 + 2 + 4 + 4 + 2 + 0) -> 0 | AC78: =IF(AB78>=90,"امتياز",IF(AB78>=80,"جيد جدا",IF(AB78>=70,"جيد",IF(AB78>=60,"متوسط",IF(AB78>=50,"مقبول","راسب"))))) -> 0
B81: 19 | C81: آيات كاظم جاسم محمد | D81: ذ | F81: =IF(E81>=90,"م",IF(E81>=80,"جـ جـ",IF(E81>=70,"جـ",IF(E81>=60,"ط",IF(E81>=50,"ل","ر"))))) -> 0 | H81: =IF(G81>=90,"م",IF(G81>=80,"جـ جـ",IF(G81>=70,"جـ",IF(G81>=60,"ط",IF(G81>=50,"ل","ر"))))) -> 0 | J81: =IF(I81>=90,"م",IF(I81>=80,"جـ جـ",IF(I81>=70,"جـ",IF(I81>=60,"ط",IF(I81>=50,"ل","ر"))))) -> 0 | L81: =IF(K81>=90,"م",IF(K81>=80,"جـ جـ",IF(K81>=70,"جـ",IF(K81>=60,"ط",IF(K81>=50,"ل","ر"))))) -> 0 | N81: =IF(M81>=90,"م",IF(M81>=80,"جـ جـ",IF(M81>=70,"جـ",IF(M81>=60,"ط",IF(M81>=50,"ل","ر"))))) -> 0 | P81: =IF(O81>=90,"م",IF(O81>=80,"جـ جـ",IF(O81>=70,"جـ",IF(O81>=60,"ط",IF(O81>=50,"ل","ر"))))) -> 0 | R81: =IF(Q81>=90,"م",IF(Q81>=80,"جـ جـ",IF(Q81>=70,"جـ",IF(Q81>=60,"ط",IF(Q81>=50,"ل","ر"))))) -> 0 | T81: =IF(S81>=90,"م",IF(S81>=80,"جـ جـ",IF(S81>=70,"جـ",IF(S81>=60,"ط",IF(S81>=50,"ل","ر"))))) -> 0 | V81: =IF(U81>=90,"م",IF(U81>=80,"جـ جـ",IF(U81>=70,"جـ",IF(U81>=60,"ط",IF(U81>=50,"ل","ر"))))) -> 0 | X81: =IF(W81>=90,"م",IF(W81>=80,"جـ جـ",IF(W81>=70,"جـ",IF(W81>=60,"ط",IF(W81>=50,"ل","ر"))))) -> 0 | Z81: =IF(Y81>=90,"م",IF(Y81>=80,"جـ جـ",IF(Y81>=70,"جـ",IF(Y81>=60,"ط",IF(Y81>=50,"ل","ر"))))) -> 0 | AA81: =IF(AND(E81>=50, G81>=50, I81>=50, K81>=50, M81>=50, O81>=50, Q81>=50, S81>=50, U81>=50, W81>=50, Y81>=50), "ناجح", "راسب") -> 0 | AB81: =(E81*7 + G81*2 + I81*6 + K81*7 + M81*4 + O81*2 + Q81*4 + S81*4 + U81*2 + W81*0) / (7 + 2 + 6 + 7 + 4 + 2 + 4 + 4 + 2 + 0) -> 0 | AC81: =IF(AB81>=90,"امتياز",IF(AB81>=80,"جيد جدا",IF(AB81>=70,"جيد",IF(AB81>=60,"متوسط",IF(AB81>=50,"مقبول","راسب"))))) -> 0
B84: 20 | C84: بتول عابدين حسين عيسى | D84: ذ | F84: =IF(E84>=90,"م",IF(E84>=80,"جـ جـ",IF(E84>=70,"جـ",IF(E84>=60,"ط",IF(E84>=50,"ل","ر"))))) -> 0 | H84: =IF(G84>=90,"م",IF(G84>=80,"جـ جـ",IF(G84>=70,"جـ",IF(G84>=60,"ط",IF(G84>=50,"ل","ر"))))) -> 0 | J84: =IF(I84>=90,"م",IF(I84>=80,"جـ جـ",IF(I84>=70,"جـ",IF(I84>=60,"ط",IF(I84>=50,"ل","ر"))))) -> 0 | L84: =IF(K84>=90,"م",IF(K84>=80,"جـ جـ",IF(K84>=70,"جـ",IF(K84>=60,"ط",IF(K84>=50,"ل","ر"))))) -> 0 | N84: =IF(M84>=90,"م",IF(M84>=80,"جـ جـ",IF(M84>=70,"جـ",IF(M84>=60,"ط",IF(M84>=50,"ل","ر"))))) -> 0 | P84: =IF(O84>=90,"م",IF(O84>=80,"جـ جـ",IF(O84>=70,"جـ",IF(O84>=60,"ط",IF(O84>=50,"ل","ر"))))) -> 0 | R84: =IF(Q84>=90,"م",IF(Q84>=80,"جـ جـ",IF(Q84>=70,"جـ",IF(Q84>=60,"ط",IF(Q84>=50,"ل","ر"))))) -> 0 | T84: =IF(S84>=90,"م",IF(S84>=80,"جـ جـ",IF(S84>=70,"جـ",IF(S84>=60,"ط",IF(S84>=50,"ل","ر"))))) -> 0 | V84: =IF(U84>=90,"م",IF(U84>=80,"جـ جـ",IF(U84>=70,"جـ",IF(U84>=60,"ط",IF(U84>=50,"ل","ر"))))) -> 0 | X84: =IF(W84>=90,"م",IF(W84>=80,"جـ جـ",IF(W84>=70,"جـ",IF(W84>=60,"ط",IF(W84>=50,"ل","ر"))))) -> 0 | Z84: =IF(Y84>=90,"م",IF(Y84>=80,"جـ جـ",IF(Y84>=70,"جـ",IF(Y84>=60,"ط",IF(Y84>=50,"ل","ر"))))) -> 0 | AA84: =IF(AND(E84>=50, G84>=50, I84>=50, K84>=50, M84>=50, O84>=50, Q84>=50, S84>=50, U84>=50, W84>=50, Y84>=50), "ناجح", "راسب") -> 0 | AB84: =(E84*7 + G84*2 + I84*6 + K84*7 + M84*4 + O84*2 + Q84*4 + S84*4 + U84*2 + W84*0) / (7 + 2 + 6 + 7 + 4 + 2 + 4 + 4 + 2 + 0) -> 0 | AC84: =IF(AB84>=90,"امتياز",IF(AB84>=80,"جيد جدا",IF(AB84>=70,"جيد",IF(AB84>=60,"متوسط",IF(AB84>=50,"مقبول","راسب"))))) -> 0
C88: اعضاء اللجنة الامتحانية:
C89: عضو اللجنة رقم 1 | F89: عضو اللجنة رقم 4 | K89: عضو اللجنة رقم 7 | P89: عضو اللجنة رقم 10 | W89: عضو اللجنة المركزية | AB89: عضو اللجنة المركزية | AF89: رئيس اللجنة المركزية
C90: عضو اللجنة رقم 2 | F90: عضو اللجنة رقم 5 | K90: عضو اللجنة رقم 8 | P90: عضو اللجنة رقم 11 | W90: اسم رئيس القسم | AB90: اسم المعاون العلمي | AF90: اسم عميد الكلية
C91: عضو اللجنة رقم 3 | F91: عضو اللجنة رقم 6 | K91: عضو اللجنة رقم 9 | P91: عضو اللجنة رقم 12
B93: 1 | C93: يمثل الحقل الاول ازاء اسم الطالب درجات الدور الاول و الذي يليه الدور الثاني و الحقل الثالث الاستحقاق
B94: 2 | C94: يثبت ازاء اسم الطالب سنة الرسوب ويوضع خط احمر تحت اسمه وتثبت درجات المواد غير المطالب بها لنجاحه في سنة سابقة بحبر اخضر
B95: 3 | C95: ل= مقبول ، ط= متوسط ، جـ= جيد ، جـ جـ = جيد جداً ، م = امتياز
C101: جامعةالبصرة | G101: صفحة 3 من 5 | AF101: القسم:الفيزياء
C102: كليةالتربية الصرفة | AF102: المرحلـــــة:الثانية
AF103: الفصـــــــل : (سنوي)
G104: سجل الدرجات النهائية للسنة الدراسية2024-2025
B105: التسلسل | C105: الوحدات | D105: الجنس | E105: 7 | G105: 2 | I105: 6 | K105: 7 | M105: 4 | O105: 2 | Q105: 4 | S105: 4 | U105: 2 | W105: 0 | Y105: 3 | AA105: النتيجة | AB105: المعدل | AC105: التقدير | AD105: الترتيب | AE105: المعدل المرحلة% | AF105: الملاحظات
C106: اسم الطالب المواضيع | E106: الكهربائية والمغناطيسية | G106: اللغة العربية | I106: الرياضيات | K106: الميكانيك | M106: علم النفس | O106: الحاسبات | Q106: الحرارة وخواص المادة | S106: اسس التربية | U106: حقوق الانسان و الديمقراطية | W106: التربية الرياضية | Y106: حقوق الانسان و الديمقراطية
B107: 21 | C107: بدر حسون صمان بصري | D107: ذ | F107: =IF(E107>=90,"م",IF(E107>=80,"جـ جـ",IF(E107>=70,"جـ",IF(E107>=60,"ط",IF(E107>=50,"ل","ر"))))) -> 0 | H107: =IF(G107>=90,"م",IF(G107>=80,"جـ جـ",IF(G107>=70,"جـ",IF(G107>=60,"ط",IF(G107>=50,"ل","ر"))))) -> 0 | J107: =IF(I107>=90,"م",IF(I107>=80,"جـ جـ",IF(I107>=70,"جـ",IF(I107>=60,"ط",IF(I107>=50,"ل","ر"))))) -> 0 | L107: =IF(K107>=90,"م",IF(K107>=80,"جـ جـ",IF(K107>=70,"جـ",IF(K107>=60,"ط",IF(K107>=50,"ل","ر"))))) -> 0 | N107: =IF(M107>=90,"م",IF(M107>=80,"جـ جـ",IF(M107>=70,"جـ",IF(M107>=60,"ط",IF(M107>=50,"ل","ر"))))) -> 0 | P107: =IF(O107>=90,"م",IF(O107>=80,"جـ جـ",IF(O107>=70,"جـ",IF(O107>=60,"ط",IF(O107>=50,"ل","ر"))))) -> 0 | R107: =IF(Q107>=90,"م",IF(Q107>=80,"جـ جـ",IF(Q107>=70,"جـ",IF(Q107>=60,"ط",IF(Q107>=50,"ل","ر"))))) -> 0 | T107: =IF(S107>=90,"م",IF(S107>=80,"جـ جـ",IF(S107>=70,"جـ",IF(S107>=60,"ط",IF(S107>=50,"ل","ر"))))) -> 0 | V107: =IF(U107>=90,"م",IF(U107>=80,"جـ جـ",IF(U107>=70,"جـ",IF(U107>=60,"ط",IF(U107>=50,"ل","ر"))))) -> 0 | X107: =IF(W107>=90,"م",IF(W107>=80,"جـ جـ",IF(W107>=70,"جـ",IF(W107>=60,"ط",IF(W107>=50,"ل","ر"))))) -> 0 | Z107: =IF(Y107>=90,"م",IF(Y107>=80,"جـ جـ",IF(Y107>=70,"جـ",IF(Y107>=60,"ط",IF(Y107>=50,"ل","ر"))))) -> 0 | AA107: =IF(AND(E107>=50, G107>=50, I107>=50, K107>=50, M107>=50, O107>=50, Q107>=50, S107>=50, U107>=50, W107>=50, Y107>=50), "ناجح", "راسب") -> 0 | AB107: =(E107*7 + G107*2 + I107*6 + K107*7 + M107*4 + O107*2 + Q107*4 + S107*4 + U107*2 + W107*0) / (7 + 2 + 6 + 7 + 4 + 2 + 4 + 4 + 2 + 0) -> 0 | AC107: =IF(AB107>=90,"امتياز",IF(AB107>=80,"جيد جدا",IF(AB107>=70,"جيد",IF(AB107>=60,"متوسط",IF(AB107>=50,"مقبول","راسب"))))) -> 0
B110: 22 | C110: بنين حليم حميد زهير | D110: ذ | F110: =IF(E110>=90,"م",IF(E110>=80,"جـ جـ",IF(E110>=70,"جـ",IF(E110>=60,"ط",IF(E110>=50,"ل","ر"))))) -> 0 | H110: =IF(G110>=90,"م",IF(G110>=80,"جـ جـ",IF(G110>=70,"جـ",IF(G110>=60,"ط",IF(G110>=50,"ل","ر"))))) -> 0 | J110: =IF(I110>=90,"م",IF(I110>=80,"جـ جـ",IF(I110>=70,"جـ",IF(I110>=60,"ط",IF(I110>=50,"ل","ر"))))) -> 0 | L110: =IF(K110>=90,"م",IF(K110>=80,"جـ جـ",IF(K110>=70,"جـ",IF(K110>=60,"ط",IF(K110>=50,"ل","ر"))))) -> 0 | N110: =IF(M110>=90,"م",IF(M110>=80,"جـ جـ",IF(M110>=70,"جـ",IF(M110>=60,"ط",IF(M110>=50,"ل","ر"))))) -> 0 | P110: =IF(O110>=90,"م",IF(O110>=80,"جـ جـ",IF(O110>=70,"جـ",IF(O110>=60,"ط",IF(O110>=50,"ل","ر"))))) -> 0 | R110: =IF(Q110>=90,"م",IF(Q110>=80,"جـ جـ",IF(Q110>=70,"جـ",IF(Q110>=60,"ط",IF(Q110>=50,"ل","ر"))))) -> 0 | T110: =IF(S110>=90,"م",IF(S110>=80,"جـ جـ",IF(S110>=70,"جـ",IF(S110>=60,"ط",IF(S110>=50,"ل","ر"))))) -> 0 | V110: =IF(U110>=90,"م",IF(U110>=80,"جـ جـ",IF(U110>=70,"جـ",IF(U110>=60,"ط",IF(U110>=50,"ل","ر"))))) -> 0 | X110: =IF(W110>=90,"م",IF(W110>=80,"جـ جـ",IF(W110>=70,"جـ",IF(W110>=60,"ط",IF(W110>=50,"ل","ر"))))) -> 0 | Z110: =IF(Y110>=90,"م",IF(Y110>=80,"جـ جـ",IF(Y110>=70,"جـ",IF(Y110>=60,"ط",IF(Y110>=50,"ل","ر"))))) -> 0 | AA110: =IF(AND(E110>=50, G110>=50, I110>=50, K110>=50, M110>=50, O110>=50, Q110>=50, S110>=50, U110>=50, W110>=50, Y110>=50), "ناجح", "راسب") -> 0 | AB110: =(E110*7 + G110*2 + I110*6 + K110*7 + M110*4 + O110*2 + Q110*4 + S110*4 + U110*2 + W110*0) / (7 + 2 + 6 + 7 + 4 + 2 + 4 + 4 + 2 + 0) -> 0 | AC110: =IF(AB110>=90,"امتياز",IF(AB110>=80,"جيد جدا",IF(AB110>=70,"جيد",IF(AB110>=60,"متوسط",IF(AB110>=50,"مقبول","راسب"))))) -> 0
B113: 23 | C113: بنين غانم بناي خضير | D113: ذ | F113: =IF(E113>=90,"م",IF(E113>=80,"جـ جـ",IF(E113>=70,"جـ",IF(E113>=60,"ط",IF(E113>=50,"ل","ر"))))) -> 0 | H113: =IF(G113>=90,"م",IF(G113>=80,"جـ جـ",IF(G113>=70,"جـ",IF(G113>=60,"ط",IF(G113>=50,"ل","ر"))))) -> 0 | J113: =IF(I113>=90,"م",IF(I113>=80,"جـ جـ",IF(I113>=70,"جـ",IF(I113>=60,"ط",IF(I113>=50,"ل","ر"))))) -> 0 | L113: =IF(K113>=90,"م",IF(K113>=80,"جـ جـ",IF(K113>=70,"جـ",IF(K113>=60,"ط",IF(K113>=50,"ل","ر"))))) -> 0 | N113: =IF(M113>=90,"م",IF(M113>=80,"جـ جـ",IF(M113>=70,"جـ",IF(M113>=60,"ط",IF(M113>=50,"ل","ر"))))) -> 0 | P113: =IF(O113>=90,"م",IF(O113>=80,"جـ جـ",IF(O113>=70,"جـ",IF(O113>=60,"ط",IF(O113>=50,"ل","ر"))))) -> 0 | R113: =IF(Q113>=90,"م",IF(Q113>=80,"جـ جـ",IF(Q113>=70,"جـ",IF(Q113>=60,"ط",IF(Q113>=50,"ل","ر"))))) -> 0 | T113: =IF(S113>=90,"م",IF(S113>=80,"جـ جـ",IF(S113>=70,"جـ",IF(S113>=60,"ط",IF(S113>=50,"ل","ر"))))) -> 0 | V113: =IF(U113>=90,"م",IF(U113>=80,"جـ جـ",IF(U113>=70,"جـ",IF(U113>=60,"ط",IF(U113>=50,"ل","ر"))))) -> 0 | X113: =IF(W113>=90,"م",IF(W113>=80,"جـ جـ",IF(W113>=70,"جـ",IF(W113>=60,"ط",IF(W113>=50,"ل","ر"))))) -> 0 | Z113: =IF(Y113>=90,"م",IF(Y113>=80,"جـ جـ",IF(Y113>=70,"جـ",IF(Y113>=60,"ط",IF(Y113>=50,"ل","ر"))))) -> 0 | AA113: =IF(AND(E113>=50, G113>=50, I113>=50, K113>=50, M113>=50, O113>=50, Q113>=50, S113>=50, U113>=50, W113>=50, Y113>=50), "ناجح", "راسب") -> 0 | AB113: =(E113*7 + G113*2 + I113*6 + K113*7 + M113*4 + O113*2 + Q113*4 + S113*4 + U113*2 + W113*0) / (7 + 2 + 6 + 7 + 4 + 2 + 4 + 4 + 2 + 0) -> 0 | AC113: =IF(AB113>=90,"امتياز",IF(AB113>=80,"جيد جدا",IF(AB113>=70,"جيد",IF(AB113>=60,"متوسط",IF(AB113>=50,"مقبول","راسب"))))) -> 0
B116: 24 | C116: تبارك خيون كاظم مبارك | D116: ذ | F116: =IF(E116>=90,"م",IF(E116>=80,"جـ جـ",IF(E116>=70,"جـ",IF(E116>=60,"ط",IF(E116>=50,"ل","ر"))))) -> 0 | H116: =IF(G116>=90,"م",IF(G116>=80,"جـ جـ",IF(G116>=70,"جـ",IF(G116>=60,"ط",IF(G116>=50,"ل","ر"))))) -> 0 | J116: =IF(I116>=90,"م",IF(I116>=80,"جـ جـ",IF(I116>=70,"جـ",IF(I116>=60,"ط",IF(I116>=50,"ل","ر"))))) -> 0 | L116: =IF(K116>=90,"م",IF(K116>=80,"جـ جـ",IF(K116>=70,"جـ",IF(K116>=60,"ط",IF(K116>=50,"ل","ر"))))) -> 0 | N116: =IF(M116>=90,"م",IF(M116>=80,"جـ جـ",IF(M116>=70,"جـ",IF(M116>=60,"ط",IF(M116>=50,"ل","ر"))))) -> 0 | P116: =IF(O116>=90,"م",IF(O116>=80,"جـ جـ",IF(O116>=70,"جـ",IF(O116>=60,"ط",IF(O116>=50,"ل","ر"))))) -> 0 | R116: =IF(Q116>=90,"م",IF(Q116>=80,"جـ جـ",IF(Q116>=70,"جـ",IF(Q116>=60,"ط",IF(Q116>=50,"ل","ر"))))) -> 0 | T116: =IF(S116>=90,"م",IF(S116>=80,"جـ جـ",IF(S116>=70,"جـ",IF(S116>=60,"ط",IF(S116>=50,"ل","ر"))))) -> 0 | V116: =IF(U116>=90,"م",IF(U116>=80,"جـ جـ",IF(U116>=70,"جـ",IF(U116>=60,"ط",IF(U116>=50,"ل","ر"))))) -> 0 | X116: =IF(W116>=90,"م",IF(W116>=80,"جـ جـ",IF(W116>=70,"جـ",IF(W116>=60,"ط",IF(W116>=50,"ل","ر"))))) -> 0 | Z116: =IF(Y116>=90,"م",IF(Y116>=80,"جـ جـ",IF(Y116>=70,"جـ",IF(Y116>=60,"ط",IF(Y116>=50,"ل","ر"))))) -> 0 | AA116: =IF(AND(E116>=50, G116>=50, I116>=50, K116>=50, M116>=50, O116>=50, Q116>=50, S116>=50, U116>=50, W116>=50, Y116>=50), "ناجح", "راسب") -> 0 | AB116: =(E116*7 + G116*2 + I116*6 + K116*7 + M116*4 + O116*2 + Q116*4 + S116*4 + U116*2 + W116*0) / (7 + 2 + 6 + 7 + 4 + 2 + 4 + 4 + 2 + 0) -> 0 | AC116: =IF(AB116>=90,"امتياز",IF(AB116>=80,"جيد جدا",IF(AB116>=70,"جيد",IF(AB116>=60,"متوسط",IF(AB116>=50,"مقبول","راسب"))))) -> 0
B119: 25 | C119: تبارك رضوان قاسم محمد | D119: ذ | F119: =IF(E119>=90,"م",IF(E119>=80,"جـ جـ",IF(E119>=70,"جـ",IF(E119>=60,"ط",IF(E119>=50,"ل","ر"))))) -> 0 | H119: =IF(G119>=90,"م",IF(G119>=80,"جـ جـ",IF(G119>=70,"جـ",IF(G119>=60,"ط",IF(G119>=50,"ل","ر"))))) -> 0 | J119: =IF(I119>=90,"م",IF(I119>=80,"جـ جـ",IF(I119>=70,"جـ",IF(I119>=60,"ط",IF(I119>=50,"ل","ر"))))) -> 0 | L119: =IF(K119>=90,"م",IF(K119>=80,"جـ جـ",IF(K119>=70,"جـ",IF(K119>=60,"ط",IF(K119>=50,"ل","ر"))))) -> 0 | N119: =IF(M119>=90,"م",IF(M119>=80,"جـ جـ",IF(M119>=70,"جـ",IF(M119>=60,"ط",IF(M119>=50,"ل","ر"))))) -> 0 | P119: =IF(O119>=90,"م",IF(O119>=80,"جـ جـ",IF(O119>=70,"جـ",IF(O119>=60,"ط",IF(O119>=50,"ل","ر"))))) -> 0 | R119: =IF(Q119>=90,"م",IF(Q119>=80,"جـ جـ",IF(Q119>=70,"جـ",IF(Q119>=60,"ط",IF(Q119>=50,"ل","ر"))))) -> 0 | T119: =IF(S119>=90,"م",IF(S119>=80,"جـ جـ",IF(S119>=70,"جـ",IF(S119>=60,"ط",IF(S119>=50,"ل","ر"))))) -> 0 | V119: =IF(U119>=90,"م",IF(U119>=80,"جـ جـ",IF(U119>=70,"جـ",IF(U119>=60,"ط",IF(U119>=50,"ل","ر"))))) -> 0 | X119: =IF(W119>=90,"م",IF(W119>=80,"جـ جـ",IF(W119>=70,"جـ",IF(W119>=60,"ط",IF(W119>=50,"ل","ر"))))) -> 0 | Z119: =IF(Y119>=90,"م",IF(Y119>=80,"جـ جـ",IF(Y119>=70,"جـ",IF(Y119>=60,"ط",IF(Y119>=50,"ل","ر"))))) -> 0 | AA119: =IF(AND(E119>=50, G119>=50, I119>=50, K119>=50, M119>=50, O119>=50, Q119>=50, S119>=50, U119>=50, W119>=50, Y119>=50), "ناجح", "راسب") -> 0 | AB119: =(E119*7 + G119*2 + I119*6 + K119*7 + M119*4 + O119*2 + Q119*4 + S119*4 + U119*2 + W119*0) / (7 + 2 + 6 + 7 + 4 + 2 + 4 + 4 + 2 + 0) -> 0 | AC119: =IF(AB119>=90,"امتياز",IF(AB119>=80,"جيد جدا",IF(AB119>=70,"جيد",IF(AB119>=60,"متوسط",IF(AB119>=50,"مقبول","راسب"))))) -> 0
B122: 26 | C122: تقى علي حسين علي | D122: ذ | F122: =IF(E122>=90,"م",IF(E122>=80,"جـ جـ",IF(E122>=70,"جـ",IF(E122>=60,"ط",IF(E122>=50,"ل","ر"))))) -> 0 | H122: =IF(G122>=90,"م",IF(G122>=80,"جـ جـ",IF(G122>=70,"جـ",IF(G122>=60,"ط",IF(G122>=50,"ل","ر"))))) -> 0 | J122: =IF(I122>=90,"م",IF(I122>=80,"جـ جـ",IF(I122>=70,"جـ",IF(I122>=60,"ط",IF(I122>=50,"ل","ر"))))) -> 0 | L122: =IF(K122>=90,"م",IF(K122>=80,"جـ جـ",IF(K122>=70,"جـ",IF(K122>=60,"ط",IF(K122>=50,"ل","ر"))))) -> 0 | N122: =IF(M122>=90,"م",IF(M122>=80,"جـ جـ",IF(M122>=70,"جـ",IF(M122>=60,"ط",IF(M122>=50,"ل","ر"))))) -> 0 | P122: =IF(O122>=90,"م",IF(O122>=80,"جـ جـ",IF(O122>=70,"جـ",IF(O122>=60,"ط",IF(O122>=50,"ل","ر"))))) -> 0 | R122: =IF(Q122>=90,"م",IF(Q122>=80,"جـ جـ",IF(Q122>=70,"جـ",IF(Q122>=60,"ط",IF(Q122>=50,"ل","ر"))))) -> 0 | T122: =IF(S122>=90,"م",IF(S122>=80,"جـ جـ",IF(S122>=70,"جـ",IF(S122>=60,"ط",IF(S122>=50,"ل","ر"))))) -> 0 | V122: =IF(U122>=90,"م",IF(U122>=80,"جـ جـ",IF(U122>=70,"جـ",IF(U122>=60,"ط",IF(U122>=50,"ل","ر"))))) -> 0 | X122: =IF(W122>=90,"م",IF(W122>=80,"جـ جـ",IF(W122>=70,"جـ",IF(W122>=60,"ط",IF(W122>=50,"ل","ر"))))) -> 0 | Z122: =IF(Y122>=90,"م",IF(Y122>=80,"جـ جـ",IF(Y122>=70,"جـ",IF(Y122>=60,"ط",IF(Y122>=50,"ل","ر"))))) -> 0 | AA122: =IF(AND(E122>=50, G122>=50, I122>=50, K122>=50, M122>=50, O122>=50, Q122>=50, S122>=50, U122>=50, W122>=50, Y122>=50), "ناجح", "راسب") -> 0 | AB122: =(E122*7 + G122*2 + I122*6 + K122*7 + M122*4 + O122*2 + Q122*4 + S122*4 + U122*2 + W122*0) / (7 + 2 + 6 + 7 + 4 + 2 + 4 + 4 + 2 + 0) -> 0 | AC122: =IF(AB122>=90,"امتياز",IF(AB122>=80,"جيد جدا",IF(AB122>=70,"جيد",IF(AB122>=60,"متوسط",IF(AB122>=50,"مقبول","راسب"))))) -> 0
B125: 27 | C125: جلال وارد عبدالرضا رشم | D125: ذ | F125: =IF(E125>=90,"م",IF(E125>=80,"جـ جـ",IF(E125>=70,"جـ",IF(E125>=60,"ط",IF(E125>=50,"ل","ر"))))) -> 0 | H125: =IF(G125>=90,"م",IF(G125>=80,"جـ جـ",IF(G125>=70,"جـ",IF(G125>=60,"ط",IF(G125>=50,"ل","ر"))))) -> 0 | J125: =IF(I125>=90,"م",IF(I125>=80,"جـ جـ",IF(I125>=70,"جـ",IF(I125>=60,"ط",IF(I125>=50,"ل","ر"))))) -> 0 | L125: =IF(K125>=90,"م",IF(K125>=80,"جـ جـ",IF(K125>=70,"جـ",IF(K125>=60,"ط",IF(K125>=50,"ل","ر"))))) -> 0 | N125: =IF(M125>=90,"م",IF(M125>=80,"جـ جـ",IF(M125>=70,"جـ",IF(M125>=60,"ط",IF(M125>=50,"ل","ر"))))) -> 0 | P125: =IF(O125>=90,"م",IF(O125>=80,"جـ جـ",IF(O125>=70,"جـ",IF(O125>=60,"ط",IF(O125>=50,"ل","ر"))))) -> 0 | R125: =IF(Q125>=90,"م",IF(Q125>=80,"جـ جـ",IF(Q125>=70,"جـ",IF(Q125>=60,"ط",IF(Q125>=50,"ل","ر"))))) -> 0 | T125: =IF(S125>=90,"م",IF(S125>=80,"جـ جـ",IF(S125>=70,"جـ",IF(S125>=60,"ط",IF(S125>=50,"ل","ر"))))) -> 0 | V125: =IF(U125>=90,"م",IF(U125>=80,"جـ جـ",IF(U125>=70,"جـ",IF(U125>=60,"ط",IF(U125>=50,"ل","ر"))))) -> 0 | X125: =IF(W125>=90,"م",IF(W125>=80,"جـ جـ",IF(W125>=70,"جـ",IF(W125>=60,"ط",IF(W125>=50,"ل","ر"))))) -> 0 | Z125: =IF(Y125>=90,"م",IF(Y125>=80,"جـ جـ",IF(Y125>=70,"جـ",IF(Y125>=60,"ط",IF(Y125>=50,"ل","ر"))))) -> 0 | AA125: =IF(AND(E125>=50, G125>=50, I125>=50, K125>=50, M125>=50, O125>=50, Q125>=50, S125>=50, U125>=50, W125>=50, Y125>=50), "ناجح", "راسب") -> 0 | AB125: =(E125*7 + G125*2 + I125*6 + K125*7 + M125*4 + O125*2 + Q125*4 + S125*4 + U125*2 + W125*0) / (7 + 2 + 6 + 7 + 4 + 2 + 4 + 4 + 2 + 0) -> 0 | AC125: =IF(AB125>=90,"امتياز",IF(AB125>=80,"جيد جدا",IF(AB125>=70,"جيد",IF(AB125>=60,"متوسط",IF(AB125>=50,"مقبول","راسب"))))) -> 0
B128: 28 | C128: حسام شعيبث شناوة مصيرع | D128: ذ | F128: =IF(E128>=90,"م",IF(E128>=80,"جـ جـ",IF(E128>=70,"جـ",IF(E128>=60,"ط",IF(E128>=50,"ل","ر"))))) -> 0 | H128: =IF(G128>=90,"م",IF(G128>=80,"جـ جـ",IF(G128>=70,"جـ",IF(G128>=60,"ط",IF(G128>=50,"ل","ر"))))) -> 0 | J128: =IF(I128>=90,"م",IF(I128>=80,"جـ جـ",IF(I128>=70,"جـ",IF(I128>=60,"ط",IF(I128>=50,"ل","ر"))))) -> 0 | L128: =IF(K128>=90,"م",IF(K128>=80,"جـ جـ",IF(K128>=70,"جـ",IF(K128>=60,"ط",IF(K128>=50,"ل","ر"))))) -> 0 | N128: =IF(M128>=90,"م",IF(M128>=80,"جـ جـ",IF(M128>=70,"جـ",IF(M128>=60,"ط",IF(M128>=50,"ل","ر"))))) -> 0 | P128: =IF(O128>=90,"م",IF(O128>=80,"جـ جـ",IF(O128>=70,"جـ",IF(O128>=60,"ط",IF(O128>=50,"ل","ر"))))) -> 0 | R128: =IF(Q128>=90,"م",IF(Q128>=80,"جـ جـ",IF(Q128>=70,"جـ",IF(Q128>=60,"ط",IF(Q128>=50,"ل","ر"))))) -> 0 | T128: =IF(S128>=90,"م",IF(S128>=80,"جـ جـ",IF(S128>=70,"جـ",IF(S128>=60,"ط",IF(S128>=50,"ل","ر"))))) -> 0 | V128: =IF(U128>=90,"م",IF(U128>=80,"جـ جـ",IF(U128>=70,"جـ",IF(U128>=60,"ط",IF(U128>=50,"ل","ر"))))) -> 0 | X128: =IF(W128>=90,"م",IF(W128>=80,"جـ جـ",IF(W128>=70,"جـ",IF(W128>=60,"ط",IF(W128>=50,"ل","ر"))))) -> 0 | Z128: =IF(Y128>=90,"م",IF(Y128>=80,"جـ جـ",IF(Y128>=70,"جـ",IF(Y128>=60,"ط",IF(Y128>=50,"ل","ر"))))) -> 0 | AA128: =IF(AND(E128>=50, G128>=50, I128>=50, K128>=50, M128>=50, O128>=50, Q128>=50, S128>=50, U128>=50, W128>=50, Y128>=50), "ناجح", "راسب") -> 0 | AB128: =(E128*7 + G128*2 + I128*6 + K128*7 + M128*4 + O128*2 + Q128*4 + S128*4 + U128*2 + W128*0) / (7 + 2 + 6 + 7 + 4 + 2 + 4 + 4 + 2 + 0) -> 0 | AC128: =IF(AB128>=90,"امتياز",IF(AB128>=80,"جيد جدا",IF(AB128>=70,"جيد",IF(AB128>=60,"متوسط",IF(AB128>=50,"مقبول","راسب"))))) -> 0
B131: 29 | C131: حسين جميل عساف | D131: ذ | F131: =IF(E131>=90,"م",IF(E131>=80,"جـ جـ",IF(E131>=70,"جـ",IF(E131>=60,"ط",IF(E131>=50,"ل","ر"))))) -> 0 | H131: =IF(G131>=90,"م",IF(G131>=80,"جـ جـ",IF(G131>=70,"جـ",IF(G131>=60,"ط",IF(G131>=50,"ل","ر"))))) -> 0 | J131: =IF(I131>=90,"م",IF(I131>=80,"جـ جـ",IF(I131>=70,"جـ",IF(I131>=60,"ط",IF(I131>=50,"ل","ر"))))) -> 0 | L131: =IF(K131>=90,"م",IF(K131>=80,"جـ جـ",IF(K131>=70,"جـ",IF(K131>=60,"ط",IF(K131>=50,"ل","ر"))))) -> 0 | N131: =IF(M131>=90,"م",IF(M131>=80,"جـ جـ",IF(M131>=70,"جـ",IF(M131>=60,"ط",IF(M131>=50,"ل","ر"))))) -> 0 | P131: =IF(O131>=90,"م",IF(O131>=80,"جـ جـ",IF(O131>=70,"جـ",IF(O131>=60,"ط",IF(O131>=50,"ل","ر"))))) -> 0 | R131: =IF(Q131>=90,"م",IF(Q131>=80,"جـ جـ",IF(Q131>=70,"جـ",IF(Q131>=60,"ط",IF(Q131>=50,"ل","ر"))))) -> 0 | T131: =IF(S131>=90,"م",IF(S131>=80,"جـ جـ",IF(S131>=70,"جـ",IF(S131>=60,"ط",IF(S131>=50,"ل","ر"))))) -> 0 | V131: =IF(U131>=90,"م",IF(U131>=80,"جـ جـ",IF(U131>=70,"جـ",IF(U131>=60,"ط",IF(U131>=50,"ل","ر"))))) -> 0 | X131: =IF(W131>=90,"م",IF(W131>=80,"جـ جـ",IF(W131>=70,"جـ",IF(W131>=60,"ط",IF(W131>=50,"ل","ر"))))) -> 0 | Z131: =IF(Y131>=90,"م",IF(Y131>=80,"جـ جـ",IF(Y131>=70,"جـ",IF(Y131>=60,"ط",IF(Y131>=50,"ل","ر"))))) -> 0 | AA131: =IF(AND(E131>=50, G131>=50, I131>=50, K131>=50, M131>=50, O131>=50, Q131>=50, S131>=50, U131>=50, W131>=50, Y131>=50), "ناجح", "راسب") -> 0 | AB131: =(E131*7 + G131*2 + I131*6 + K131*7 + M131*4 + O131*2 + Q131*4 + S131*4 + U131*2 + W131*0) / (7 + 2 + 6 + 7 + 4 + 2 + 4 + 4 + 2 + 0) -> 0 | AC131: =IF(AB131>=90,"امتياز",IF(AB131>=80,"جيد جدا",IF(AB131>=70,"جيد",IF(AB131>=60,"متوسط",IF(AB131>=50,"مقبول","راسب"))))) -> 0
B134: 30 | C134: حسين رائد سبتي | D134: ذ | F134: =IF(E134>=90,"م",IF(E134>=80,"جـ جـ",IF(E134>=70,"جـ",IF(E134>=60,"ط",IF(E134>=50,"ل","ر"))))) -> 0 | H134: =IF(G134>=90,"م",IF(G134>=80,"جـ جـ",IF(G134>=70,"جـ",IF(G134>=60,"ط",IF(G134>=50,"ل","ر"))))) -> 0 | J134: =IF(I134>=90,"م",IF(I134>=80,"جـ جـ",IF(I134>=70,"جـ",IF(I134>=60,"ط",IF(I134>=50,"ل","ر"))))) -> 0 | L134: =IF(K134>=90,"م",IF(K134>=80,"جـ جـ",IF(K134>=70,"جـ",IF(K134>=60,"ط",IF(K134>=50,"ل","ر"))))) -> 0 | N134: =IF(M134>=90,"م",IF(M134>=80,"جـ جـ",IF(M134>=70,"جـ",IF(M134>=60,"ط",IF(M134>=50,"ل","ر"))))) -> 0 | P134: =IF(O134>=90,"م",IF(O134>=80,"جـ جـ",IF(O134>=70,"جـ",IF(O134>=60,"ط",IF(O134>=50,"ل","ر"))))) -> 0 | R134: =IF(Q134>=90,"م",IF(Q134>=80,"جـ جـ",IF(Q134>=70,"جـ",IF(Q134>=60,"ط",IF(Q134>=50,"ل","ر"))))) -> 0 | T134: =IF(S134>=90,"م",IF(S134>=80,"جـ جـ",IF(S134>=70,"جـ",IF(S134>=60,"ط",IF(S134>=50,"ل","ر"))))) -> 0 | V134: =IF(U134>=90,"م",IF(U134>=80,"جـ جـ",IF(U134>=70,"جـ",IF(U134>=60,"ط",IF(U134>=50,"ل","ر"))))) -> 0 | X134: =IF(W134>=90,"م",IF(W134>=80,"جـ جـ",IF(W134>=70,"جـ",IF(W134>=60,"ط",IF(W134>=50,"ل","ر"))))) -> 0 | Z134: =IF(Y134>=90,"م",IF(Y134>=80,"جـ جـ",IF(Y134>=70,"جـ",IF(Y134>=60,"ط",IF(Y134>=50,"ل","ر"))))) -> 0 | AA134: =IF(AND(E134>=50, G134>=50, I134>=50, K134>=50, M134>=50, O134>=50, Q134>=50, S134>=50, U134>=50, W134>=50, Y134>=50), "ناجح", "راسب") -> 0 | AB134: =(E134*7 + G134*2 + I134*6 + K134*7 + M134*4 + O134*2 + Q134*4 + S134*4 + U134*2 + W134*0) / (7 + 2 + 6 + 7 + 4 + 2 + 4 + 4 + 2 + 0) -> 0 | AC134: =IF(AB134>=90,"امتياز",IF(AB134>=80,"جيد جدا",IF(AB134>=70,"جيد",IF(AB134>=60,"متوسط",IF(AB134>=50,"مقبول","راسب"))))) -> 0
C138: اعضاء اللجنة الامتحانية:
C139: عضو اللجنة رقم 1 | F139: عضو اللجنة رقم 4 | K139: عضو اللجنة رقم 7 | P139: عضو اللجنة رقم 10 | W139: عضو اللجنة المركزية | AB139: عضو اللجنة المركزية | AF139: رئيس اللجنة المركزية
C140: عضو اللجنة رقم 2 | F140: عضو اللجنة رقم 5 | K140: عضو اللجنة رقم 8 | P140: عضو اللجنة رقم 11 | W140: اسم رئيس القسم | AB140: اسم المعاون العلمي | AF140: اسم عميد الكلية
C141: عضو اللجنة رقم 3 | F141: عضو اللجنة رقم 6 | K141: عضو اللجنة رقم 9 | P141: عضو اللجنة رقم 12
B143: 1 | C143: يمثل الحقل الاول ازاء اسم الطالب درجات الدور الاول و الذي يليه الدور الثاني و الحقل الثالث الاستحقاق
B144: 2 | C144: يثبت ازاء اسم الطالب سنة الرسوب ويوضع خط احمر تحت اسمه وتثبت درجات المواد غير المطالب بها لنجاحه في سنة سابقة بحبر اخضر
B145: 3 | C145: ل= مقبول ، ط= متوسط ، جـ= جيد ، جـ جـ = جيد جداً ، م = امتياز
C151: جامعةالبصرة | G151: صفحة 4 من 5 | AF151: القسم:الفيزياء
C152: كليةالتربية الصرفة | AF152: المرحلـــــة:الثانية
AF153: الفصـــــــل : (سنوي)
G154: سجل الدرجات النهائية للسنة الدراسية2024-2025
B155: التسلسل | C155: الوحدات | D155: الجنس | E155: 7 | G155: 2 | I155: 6 | K155: 7 | M155: 4 | O155: 2 | Q155: 4 | S155: 4 | U155: 2 | W155: 0 | Y155: 3 | AA155: النتيجة | AB155: المعدل | AC155: التقدير | AD155: الترتيب | AE155: المعدل المرحلة% | AF155: الملاحظات
C156: اسم الطالب المواضيع | E156: الكهربائية والمغناطيسية | G156: اللغة العربية | I156: الرياضيات | K156: الميكانيك | M156: علم النفس | O156: الحاسبات | Q156: الحرارة وخواص المادة | S156: اسس التربية | U156: حقوق الانسان و الديمقراطية | W156: التربية الرياضية | Y156: حقوق الانسان و الديمقراطية
B157: 31 | C157: تقى علي حسين علي | D157: ذ | F157: =IF(E157>=90,"م",IF(E157>=80,"جـ جـ",IF(E157>=70,"جـ",IF(E157>=60,"ط",IF(E157>=50,"ل","ر"))))) -> 0 | H157: =IF(G157>=90,"م",IF(G157>=80,"جـ جـ",IF(G157>=70,"جـ",IF(G157>=60,"ط",IF(G157>=50,"ل","ر"))))) -> 0 | J157: =IF(I157>=90,"م",IF(I157>=80,"جـ جـ",IF(I157>=70,"جـ",IF(I157>=60,"ط",IF(I157>=50,"ل","ر"))))) -> 0 | L157: =IF(K157>=90,"م",IF(K157>=80,"جـ جـ",IF(K157>=70,"جـ",IF(K157>=60,"ط",IF(K157>=50,"ل","ر"))))) -> 0 | N157: =IF(M157>=90,"م",IF(M157>=80,"جـ جـ",IF(M157>=70,"جـ",IF(M157>=60,"ط",IF(M157>=50,"ل","ر"))))) -> 0 | P157: =IF(O157>=90,"م",IF(O157>=80,"جـ جـ",IF(O157>=70,"جـ",IF(O157>=60,"ط",IF(O157>=50,"ل","ر"))))) -> 0 | R157: =IF(Q157>=90,"م",IF(Q157>=80,"جـ جـ",IF(Q157>=70,"جـ",IF(Q157>=60,"ط",IF(Q157>=50,"ل","ر"))))) -> 0 | T157: =IF(S157>=90,"م",IF(S157>=80,"جـ جـ",IF(S157>=70,"جـ",IF(S157>=60,"ط",IF(S157>=50,"ل","ر"))))) -> 0 | V157: =IF(U157>=90,"م",IF(U157>=80,"جـ جـ",IF(U157>=70,"جـ",IF(U157>=60,"ط",IF(U157>=50,"ل","ر"))))) -> 0 | X157: =IF(W157>=90,"م",IF(W157>=80,"جـ جـ",IF(W157>=70,"جـ",IF(W157>=60,"ط",IF(W157>=50,"ل","ر"))))) -> 0 | Z157: =IF(Y157>=90,"م",IF(Y157>=80,"جـ جـ",IF(Y157>=70,"جـ",IF(Y157>=60,"ط",IF(Y157>=50,"ل","ر"))))) -> 0 | AA157: =IF(AND(E157>=50, G157>=50, I157>=50, K157>=50, M157>=50, O157>=50, Q157>=50, S157>=50, U157>=50, W157>=50, Y157>=50), "ناجح", "راسب") -> 0 | AB157: =(E157*7 + G157*2 + I157*6 + K157*7 + M157*4 + O157*2 + Q157*4 + S157*4 + U157*2 + W157*0) / (7 + 2 + 6 + 7 + 4 + 2 + 4 + 4 + 2 + 0) -> 0 | AC157: =IF(AB157>=90,"امتياز",IF(AB157>=80,"جيد جدا",IF(AB157>=70,"جيد",IF(AB157>=60,"متوسط",IF(AB157>=50,"مقبول","راسب"))))) -> 0
B160: 32 | C160: جلال وارد عبدالرضا رشم | D160: ذ | F160: =IF(E160>=90,"م",IF(E160>=80,"جـ جـ",IF(E160>=70,"جـ",IF(E160>=60,"ط",IF(E160>=50,"ل","ر"))))) -> 0 | H160: =IF(G160>=90,"م",IF(G160>=80,"جـ جـ",IF(G160>=70,"جـ",IF(G160>=60,"ط",IF(G160>=50,"ل","ر"))))) -> 0 | J160: =IF(I160>=90,"م",IF(I160>=80,"جـ جـ",IF(I160>=70,"جـ",IF(I160>=60,"ط",IF(I160>=50,"ل","ر"))))) -> 0 | L160: =IF(K160>=90,"م",IF(K160>=80,"جـ جـ",IF(K160>=70,"جـ",IF(K160>=60,"ط",IF(K160>=50,"ل","ر"))))) -> 0 | N160: =IF(M160>=90,"م",IF(M160>=80,"جـ جـ",IF(M160>=70,"جـ",IF(M160>=60,"ط",IF(M160>=50,"ل","ر"))))) -> 0 | P160: =IF(O160>=90,"م",IF(O160>=80,"جـ جـ",IF(O160>=70,"جـ",IF(O160>=60,"ط",IF(O160>=50,"ل","ر"))))) -> 0 | R160: =IF(Q160>=90,"م",IF(Q160>=80,"جـ جـ",IF(Q160>=70,"جـ",IF(Q160>=60,"ط",IF(Q160>=50,"ل","ر"))))) -> 0 | T160: =IF(S160>=90,"م",IF(S160>=80,"جـ جـ",IF(S160>=70,"جـ",IF(S160>=60,"ط",IF(S160>=50,"ل","ر"))))) -> 0 | V160: =IF(U160>=90,"م",IF(U160>=80,"جـ جـ",IF(U160>=70,"جـ",IF(U160>=60,"ط",IF(U160>=50,"ل","ر"))))) -> 0 | X160: =IF(W160>=90,"م",IF(W160>=80,"جـ جـ",IF(W160>=70,"جـ",IF(W160>=60,"ط",IF(W160>=50,"ل","ر"))))) -> 0 | Z160: =IF(Y160>=90,"م",IF(Y160>=80,"جـ جـ",IF(Y160>=70,"جـ",IF(Y160>=60,"ط",IF(Y160>=50,"ل","ر"))))) -> 0 | AA160: =IF(AND(E160>=50, G160>=50, I160>=50, K160>=50, M160>=50, O160>=50, Q160>=50, S160>=50, U160>=50, W160>=50, Y160>=50), "ناجح", "راسب") -> 0 | AB160: =(E160*7 + G160*2 + I160*6 + K160*7 + M160*4 + O160*2 + Q160*4 + S160*4 + U160*2 + W160*0) / (7 + 2 + 6 + 7 + 4 + 2 + 4 + 4 + 2 + 0) -> 0 | AC160: =IF(AB160>=90,"امتياز",IF(AB160>=80,"جيد جدا",IF(AB160>=70,"جيد",IF(AB160>=60,"متوسط",IF(AB160>=50,"مقبول","راسب"))))) -> 0
B163: 33 | C163: حسام شعيبث شناوة مصيرع | D163: ذ | F163: =IF(E163>=90,"م",IF(E163>=80,"جـ جـ",IF(E163>=70,"جـ",IF(E163>=60,"ط",IF(E163>=50,"ل","ر"))))) -> 0 | H163: =IF(G163>=90,"م",IF(G163>=80,"جـ جـ",IF(G163>=70,"جـ",IF(G163>=60,"ط",IF(G163>=50,"ل","ر"))))) -> 0 | J163: =IF(I163>=90,"م",IF(I163>=80,"جـ جـ",IF(I163>=70,"جـ",IF(I163>=60,"ط",IF(I163>=50,"ل","ر"))))) -> 0 | L163: =IF(K163>=90,"م",IF(K163>=80,"جـ جـ",IF(K163>=70,"جـ",IF(K163>=60,"ط",IF(K163>=50,"ل","ر"))))) -> 0 | N163: =IF(M163>=90,"م",IF(M163>=80,"جـ جـ",IF(M163>=70,"جـ",IF(M163>=60,"ط",IF(M163>=50,"ل","ر"))))) -> 0 | P163: =IF(O163>=90,"م",IF(O163>=80,"جـ جـ",IF(O163>=70,"جـ",IF(O163>=60,"ط",IF(O163>=50,"ل","ر"))))) -> 0 | R163: =IF(Q163>=90,"م",IF(Q163>=80,"جـ جـ",IF(Q163>=70,"جـ",IF(Q163>=60,"ط",IF(Q163>=50,"ل","ر"))))) -> 0 | T163: =IF(S163>=90,"م",IF(S163>=80,"جـ جـ",IF(S163>=70,"جـ",IF(S163>=60,"ط",IF(S163>=50,"ل","ر"))))) -> 0 | V163: =IF(U163>=90,"م",IF(U163>=80,"جـ جـ",IF(U163>=70,"جـ",IF(U163>=60,"ط",IF(U163>=50,"ل","ر"))))) -> 0 | X163: =IF(W163>=90,"م",IF(W163>=80,"جـ جـ",IF(W163>=70,"جـ",IF(W163>=60,"ط",IF(W163>=50,"ل","ر"))))) -> 0 | Z163: =IF(Y163>=90,"م",IF(Y163>=80,"جـ جـ",IF(Y163>=70,"جـ",IF(Y163>=60,"ط",IF(Y163>=50,"ل","ر"))))) -> 0 | AA163: =IF(AND(E163>=50, G163>=50, I163>=50, K163>=50, M163>=50, O163>=50, Q163>=50, S163>=50, U163>=50, W163>=50, Y163>=50), "ناجح", "راسب") -> 0 | AB163: =(E163*7 + G163*2 + I163*6 + K163*7 + M163*4 + O163*2 + Q163*4 + S163*4 + U163*2 + W163*0) / (7 + 2 + 6 + 7 + 4 + 2 + 4 + 4 + 2 + 0) -> 0 | AC163: =IF(AB163>=90,"امتياز",IF(AB163>=80,"جيد جدا",IF(AB163>=70,"جيد",IF(AB163>=60,"متوسط",IF(AB163>=50,"مقبول","راسب"))))) -> 0
B166: 34 | C166: حسين جميل عساف | D166: ذ | F166: =IF(E166>=90,"م",IF(E166>=80,"جـ جـ",IF(E166>=70,"جـ",IF(E166>=60,"ط",IF(E166>=50,"ل","ر"))))) -> 0 | H166: =IF(G166>=90,"م",IF(G166>=80,"جـ جـ",IF(G166>=70,"جـ",IF(G166>=60,"ط",IF(G166>=50,"ل","ر"))))) -> 0 | J166: =IF(I166>=90,"م",IF(I166>=80,"جـ جـ",IF(I166>=70,"جـ",IF(I166>=60,"ط",IF(I166>=50,"ل","ر"))))) -> 0 | L166: =IF(K166>=90,"م",IF(K166>=80,"جـ جـ",IF(K166>=70,"جـ",IF(K166>=60,"ط",IF(K166>=50,"ل","ر"))))) -> 0 | N166: =IF(M166>=90,"م",IF(M166>=80,"جـ جـ",IF(M166>=70,"جـ",IF(M166>=60,"ط",IF(M166>=50,"ل","ر"))))) -> 0 | P166: =IF(O166>=90,"م",IF(O166>=80,"جـ جـ",IF(O166>=70,"جـ",IF(O166>=60,"ط",IF(O166>=50,"ل","ر"))))) -> 0 | R166: =IF(Q166>=90,"م",IF(Q166>=80,"جـ جـ",IF(Q166>=70,"جـ",IF(Q166>=60,"ط",IF(Q166>=50,"ل","ر"))))) -> 0 | T166: =IF(S166>=90,"م",IF(S166>=80,"جـ جـ",IF(S166>=70,"جـ",IF(S166>=60,"ط",IF(S166>=50,"ل","ر"))))) -> 0 | V166: =IF(U166>=90,"م",IF(U166>=80,"جـ جـ",IF(U166>=70,"جـ",IF(U166>=60,"ط",IF(U166>=50,"ل","ر"))))) -> 0 | X166: =IF(W166>=90,"م",IF(W166>=80,"جـ جـ",IF(W166>=70,"جـ",IF(W166>=60,"ط",IF(W166>=50,"ل","ر"))))) -> 0 | Z166: =IF(Y166>=90,"م",IF(Y166>=80,"جـ جـ",IF(Y166>=70,"جـ",IF(Y166>=60,"ط",IF(Y166>=50,"ل","ر"))))) -> 0 | AA166: =IF(AND(E166>=50, G166>=50, I166>=50, K166>=50, M166>=50, O166>=50, Q166>=50, S166>=50, U166>=50, W166>=50, Y166>=50), "ناجح", "راسب") -> 0 | AB166: =(E166*7 + G166*2 + I166*6 + K166*7 + M166*4 + O166*2 + Q166*4 + S166*4 + U166*2 + W166*0) / (7 + 2 + 6 + 7 + 4 + 2 + 4 + 4 + 2 + 0) -> 0 | AC166: =IF(AB166>=90,"امتياز",IF(AB166>=80,"جيد جدا",IF(AB166>=70,"جيد",IF(AB166>=60,"متوسط",IF(AB166>=50,"مقبول","راسب"))))) -> 0
B169: 35 | C169: حسين رائد سبتي | D169: ذ | F169: =IF(E169>=90,"م",IF(E169>=80,"جـ جـ",IF(E169>=70,"جـ",IF(E169>=60,"ط",IF(E169>=50,"ل","ر"))))) -> 0 | H169: =IF(G169>=90,"م",IF(G169>=80,"جـ جـ",IF(G169>=70,"جـ",IF(G169>=60,"ط",IF(G169>=50,"ل","ر"))))) -> 0 | J169: =IF(I169>=90,"م",IF(I169>=80,"جـ جـ",IF(I169>=70,"جـ",IF(I169>=60,"ط",IF(I169>=50,"ل","ر"))))) -> 0 | L169: =IF(K169>=90,"م",IF(K169>=80,"جـ جـ",IF(K169>=70,"جـ",IF(K169>=60,"ط",IF(K169>=50,"ل","ر"))))) -> 0 | N169: =IF(M169>=90,"م",IF(M169>=80,"جـ جـ",IF(M169>=70,"جـ",IF(M169>=60,"ط",IF(M169>=50,"ل","ر"))))) -> 0 | P169: =IF(O169>=90,"م",IF(O169>=80,"جـ جـ",IF(O169>=70,"جـ",IF(O169>=60,"ط",IF(O169>=50,"ل","ر"))))) -> 0 | R169: =IF(Q169>=90,"م",IF(Q169>=80,"جـ جـ",IF(Q169>=70,"جـ",IF(Q169>=60,"ط",IF(Q169>=50,"ل","ر"))))) -> 0 | T169: =IF(S169>=90,"م",IF(S169>=80,"جـ جـ",IF(S169>=70,"جـ",IF(S169>=60,"ط",IF(S169>=50,"ل","ر"))))) -> 0 | V169: =IF(U169>=90,"م",IF(U169>=80,"جـ جـ",IF(U169>=70,"جـ",IF(U169>=60,"ط",IF(U169>=50,"ل","ر"))))) -> 0 | X169: =IF(W169>=90,"م",IF(W169>=80,"جـ جـ",IF(W169>=70,"جـ",IF(W169>=60,"ط",IF(W169>=50,"ل","ر"))))) -> 0 | Z169: =IF(Y169>=90,"م",IF(Y169>=80,"جـ جـ",IF(Y169>=70,"جـ",IF(Y169>=60,"ط",IF(Y169>=50,"ل","ر"))))) -> 0 | AA169: =IF(AND(E169>=50, G169>=50, I169>=50, K169>=50, M169>=50, O169>=50, Q169>=50, S169>=50, U169>=50, W169>=50, Y169>=50), "ناجح", "راسب") -> 0 | AB169: =(E169*7 + G169*2 + I169*6 + K169*7 + M169*4 + O169*2 + Q169*4 + S169*4 + U169*2 + W169*0) / (7 + 2 + 6 + 7 + 4 + 2 + 4 + 4 + 2 + 0) -> 0 | AC169: =IF(AB169>=90,"امتياز",IF(AB169>=80,"جيد جدا",IF(AB169>=70,"جيد",IF(AB169>=60,"متوسط",IF(AB169>=50,"مقبول","راسب"))))) -> 0
B172: 36 | C172: تقى علي حسين علي | D172: ذ | F172: =IF(E172>=90,"م",IF(E172>=80,"جـ جـ",IF(E172>=70,"جـ",IF(E172>=60,"ط",IF(E172>=50,"ل","ر"))))) -> 0 | H172: =IF(G172>=90,"م",IF(G172>=80,"جـ جـ",IF(G172>=70,"جـ",IF(G172>=60,"ط",IF(G172>=50,"ل","ر"))))) -> 0 | J172: =IF(I172>=90,"م",IF(I172>=80,"جـ جـ",IF(I172>=70,"جـ",IF(I172>=60,"ط",IF(I172>=50,"ل","ر"))))) -> 0 | L172: =IF(K172>=90,"م",IF(K172>=80,"جـ جـ",IF(K172>=70,"جـ",IF(K172>=60,"ط",IF(K172>=50,"ل","ر"))))) -> 0 | N172: =IF(M172>=90,"م",IF(M172>=80,"جـ جـ",IF(M172>=70,"جـ",IF(M172>=60,"ط",IF(M172>=50,"ل","ر"))))) -> 0 | P172: =IF(O172>=90,"م",IF(O172>=80,"جـ جـ",IF(O172>=70,"جـ",IF(O172>=60,"ط",IF(O172>=50,"ل","ر"))))) -> 0 | R172: =IF(Q172>=90,"م",IF(Q172>=80,"جـ جـ",IF(Q172>=70,"جـ",IF(Q172>=60,"ط",IF(Q172>=50,"ل","ر"))))) -> 0 | T172: =IF(S172>=90,"م",IF(S172>=80,"جـ جـ",IF(S172>=70,"جـ",IF(S172>=60,"ط",IF(S172>=50,"ل","ر"))))) -> 0 | V172: =IF(U172>=90,"م",IF(U172>=80,"جـ جـ",IF(U172>=70,"جـ",IF(U172>=60,"ط",IF(U172>=50,"ل","ر"))))) -> 0 | X172: =IF(W172>=90,"م",IF(W172>=80,"جـ جـ",IF(W172>=70,"جـ",IF(W172>=60,"ط",IF(W172>=50,"ل","ر"))))) -> 0 | Z172: =IF(Y172>=90,"م",IF(Y172>=80,"جـ جـ",IF(Y172>=70,"جـ",IF(Y172>=60,"ط",IF(Y172>=50,"ل","ر"))))) -> 0 | AA172: =IF(AND(E172>=50, G172>=50, I172>=50, K172>=50, M172>=50, O172>=50, Q172>=50, S172>=50, U172>=50, W172>=50, Y172>=50), "ناجح", "راسب") -> 0 | AB172: =(E172*7 + G172*2 + I172*6 + K172*7 + M172*4 + O172*2 + Q172*4 + S172*4 + U172*2 + W172*0) / (7 + 2 + 6 + 7 + 4 + 2 + 4 + 4 + 2 + 0) -> 0 | AC172: =IF(AB172>=90,"امتياز",IF(AB172>=80,"جيد جدا",IF(AB172>=70,"جيد",IF(AB172>=60,"متوسط",IF(AB172>=50,"مقبول","راسب"))))) -> 0
B175: 37 | C175: جلال وارد عبدالرضا رشم | D175: ذ | F175: =IF(E175>=90,"م",IF(E175>=80,"جـ جـ",IF(E175>=70,"جـ",IF(E175>=60,"ط",IF(E175>=50,"ل","ر"))))) -> 0 | H175: =IF(G175>=90,"م",IF(G175>=80,"جـ جـ",IF(G175>=70,"جـ",IF(G175>=60,"ط",IF(G175>=50,"ل","ر"))))) -> 0 | J175: =IF(I175>=90,"م",IF(I175>=80,"جـ جـ",IF(I175>=70,"جـ",IF(I175>=60,"ط",IF(I175>=50,"ل","ر"))))) -> 0 | L175: =IF(K175>=90,"م",IF(K175>=80,"جـ جـ",IF(K175>=70,"جـ",IF(K175>=60,"ط",IF(K175>=50,"ل","ر"))))) -> 0 | N175: =IF(M175>=90,"م",IF(M175>=80,"جـ جـ",IF(M175>=70,"جـ",IF(M175>=60,"ط",IF(M175>=50,"ل","ر"))))) -> 0 | P175: =IF(O175>=90,"م",IF(O175>=80,"جـ جـ",IF(O175>=70,"جـ",IF(O175>=60,"ط",IF(O175>=50,"ل","ر"))))) -> 0 | R175: =IF(Q175>=90,"م",IF(Q175>=80,"جـ جـ",IF(Q175>=70,"جـ",IF(Q175>=60,"ط",IF(Q175>=50,"ل","ر"))))) -> 0 | T175: =IF(S175>=90,"م",IF(S175>=80,"جـ جـ",IF(S175>=70,"جـ",IF(S175>=60,"ط",IF(S175>=50,"ل","ر"))))) -> 0 | V175: =IF(U175>=90,"م",IF(U175>=80,"جـ جـ",IF(U175>=70,"جـ",IF(U175>=60,"ط",IF(U175>=50,"ل","ر"))))) -> 0 | X175: =IF(W175>=90,"م",IF(W175>=80,"جـ جـ",IF(W175>=70,"جـ",IF(W175>=60,"ط",IF(W175>=50,"ل","ر"))))) -> 0 | Z175: =IF(Y175>=90,"م",IF(Y175>=80,"جـ جـ",IF(Y175>=70,"جـ",IF(Y175>=60,"ط",IF(Y175>=50,"ل","ر"))))) -> 0 | AA175: =IF(AND(E175>=50, G175>=50, I175>=50, K175>=50, M175>=50, O175>=50, Q175>=50, S175>=50, U175>=50, W175>=50, Y175>=50), "ناجح", "راسب") -> 0 | AB175: =(E175*7 + G175*2 + I175*6 + K175*7 + M175*4 + O175*2 + Q175*4 + S175*4 + U175*2 + W175*0) / (7 + 2 + 6 + 7 + 4 + 2 + 4 + 4 + 2 + 0) -> 0 | AC175: =IF(AB175>=90,"امتياز",IF(AB175>=80,"جيد جدا",IF(AB175>=70,"جيد",IF(AB175>=60,"متوسط",IF(AB175>=50,"مقبول","راسب"))))) -> 0
B178: 38 | C178: حسام شعيبث شناوة مصيرع | D178: ذ | F178: =IF(E178>=90,"م",IF(E178>=80,"جـ جـ",IF(E178>=70,"جـ",IF(E178>=60,"ط",IF(E178>=50,"ل","ر"))))) -> 0 | H178: =IF(G178>=90,"م",IF(G178>=80,"جـ جـ",IF(G178>=70,"جـ",IF(G178>=60,"ط",IF(G178>=50,"ل","ر"))))) -> 0 | J178: =IF(I178>=90,"م",IF(I178>=80,"جـ جـ",IF(I178>=70,"جـ",IF(I178>=60,"ط",IF(I178>=50,"ل","ر"))))) -> 0 | L178: =IF(K178>=90,"م",IF(K178>=80,"جـ جـ",IF(K178>=70,"جـ",IF(K178>=60,"ط",IF(K178>=50,"ل","ر"))))) -> 0 | N178: =IF(M178>=90,"م",IF(M178>=80,"جـ جـ",IF(M178>=70,"جـ",IF(M178>=60,"ط",IF(M178>=50,"ل","ر"))))) -> 0 | P178: =IF(O178>=90,"م",IF(O178>=80,"جـ جـ",IF(O178>=70,"جـ",IF(O178>=60,"ط",IF(O178>=50,"ل","ر"))))) -> 0 | R178: =IF(Q178>=90,"م",IF(Q178>=80,"جـ جـ",IF(Q178>=70,"جـ",IF(Q178>=60,"ط",IF(Q178>=50,"ل","ر"))))) -> 0 | T178: =IF(S178>=90,"م",IF(S178>=80,"جـ جـ",IF(S178>=70,"جـ",IF(S178>=60,"ط",IF(S178>=50,"ل","ر"))))) -> 0 | V178: =IF(U178>=90,"م",IF(U178>=80,"جـ جـ",IF(U178>=70,"جـ",IF(U178>=60,"ط",IF(U178>=50,"ل","ر"))))) -> 0 | X178: =IF(W178>=90,"م",IF(W178>=80,"جـ جـ",IF(W178>=70,"جـ",IF(W178>=60,"ط",IF(W178>=50,"ل","ر"))))) -> 0 | Z178: =IF(Y178>=90,"م",IF(Y178>=80,"جـ جـ",IF(Y178>=70,"جـ",IF(Y178>=60,"ط",IF(Y178>=50,"ل","ر"))))) -> 0 | AA178: =IF(AND(E178>=50, G178>=50, I178>=50, K178>=50, M178>=50, O178>=50, Q178>=50, S178>=50, U178>=50, W178>=50, Y178>=50), "ناجح", "راسب") -> 0 | AB178: =(E178*7 + G178*2 + I178*6 + K178*7 + M178*4 + O178*2 + Q178*4 + S178*4 + U178*2 + W178*0) / (7 + 2 + 6 + 7 + 4 + 2 + 4 + 4 + 2 + 0) -> 0 | AC178: =IF(AB178>=90,"امتياز",IF(AB178>=80,"جيد جدا",IF(AB178>=70,"جيد",IF(AB178>=60,"متوسط",IF(AB178>=50,"مقبول","راسب"))))) -> 0
B181: 39 | C181: حسين جميل عساف | D181: ذ | F181: =IF(E181>=90,"م",IF(E181>=80,"جـ جـ",IF(E181>=70,"جـ",IF(E181>=60,"ط",IF(E181>=50,"ل","ر"))))) -> 0 | H181: =IF(G181>=90,"م",IF(G181>=80,"جـ جـ",IF(G181>=70,"جـ",IF(G181>=60,"ط",IF(G181>=50,"ل","ر"))))) -> 0 | J181: =IF(I181>=90,"م",IF(I181>=80,"جـ جـ",IF(I181>=70,"جـ",IF(I181>=60,"ط",IF(I181>=50,"ل","ر"))))) -> 0 | L181: =IF(K181>=90,"م",IF(K181>=80,"جـ جـ",IF(K181>=70,"جـ",IF(K181>=60,"ط",IF(K181>=50,"ل","ر"))))) -> 0 | N181: =IF(M181>=90,"م",IF(M181>=80,"جـ جـ",IF(M181>=70,"جـ",IF(M181>=60,"ط",IF(M181>=50,"ل","ر"))))) -> 0 | P181: =IF(O181>=90,"م",IF(O181>=80,"جـ جـ",IF(O181>=70,"جـ",IF(O181>=60,"ط",IF(O181>=50,"ل","ر"))))) -> 0 | R181: =IF(Q181>=90,"م",IF(Q181>=80,"جـ جـ",IF(Q181>=70,"جـ",IF(Q181>=60,"ط",IF(Q181>=50,"ل","ر"))))) -> 0 | T181: =IF(S181>=90,"م",IF(S181>=80,"جـ جـ",IF(S181>=70,"جـ",IF(S181>=60,"ط",IF(S181>=50,"ل","ر"))))) -> 0 | V181: =IF(U181>=90,"م",IF(U181>=80,"جـ جـ",IF(U181>=70,"جـ",IF(U181>=60,"ط",IF(U181>=50,"ل","ر"))))) -> 0 | X181: =IF(W181>=90,"م",IF(W181>=80,"جـ جـ",IF(W181>=70,"جـ",IF(W181>=60,"ط",IF(W181>=50,"ل","ر"))))) -> 0 | Z181: =IF(Y181>=90,"م",IF(Y181>=80,"جـ جـ",IF(Y181>=70,"جـ",IF(Y181>=60,"ط",IF(Y181>=50,"ل","ر"))))) -> 0 | AA181: =IF(AND(E181>=50, G181>=50, I181>=50, K181>=50, M181>=50, O181>=50, Q181>=50, S181>=50, U181>=50, W181>=50, Y181>=50), "ناجح", "راسب") -> 0 | AB181: =(E181*7 + G181*2 + I181*6 + K181*7 + M181*4 + O181*2 + Q181*4 + S181*4 + U181*2 + W181*0) / (7 + 2 + 6 + 7 + 4 + 2 + 4 + 4 + 2 + 0) -> 0 | AC181: =IF(AB181>=90,"امتياز",IF(AB181>=80,"جيد جدا",IF(AB181>=70,"جيد",IF(AB181>=60,"متوسط",IF(AB181>=50,"مقبول","راسب"))))) -> 0
B184: 40 | C184: حسين رائد سبتي | D184: ذ | F184: =IF(E184>=90,"م",IF(E184>=80,"جـ جـ",IF(E184>=70,"جـ",IF(E184>=60,"ط",IF(E184>=50,"ل","ر"))))) -> 0 | H184: =IF(G184>=90,"م",IF(G184>=80,"جـ جـ",IF(G184>=70,"جـ",IF(G184>=60,"ط",IF(G184>=50,"ل","ر"))))) -> 0 | J184: =IF(I184>=90,"م",IF(I184>=80,"جـ جـ",IF(I184>=70,"جـ",IF(I184>=60,"ط",IF(I184>=50,"ل","ر"))))) -> 0 | L184: =IF(K184>=90,"م",IF(K184>=80,"جـ جـ",IF(K184>=70,"جـ",IF(K184>=60,"ط",IF(K184>=50,"ل","ر"))))) -> 0 | N184: =IF(M184>=90,"م",IF(M184>=80,"جـ جـ",IF(M184>=70,"جـ",IF(M184>=60,"ط",IF(M184>=50,"ل","ر"))))) -> 0 | P184: =IF(O184>=90,"م",IF(O184>=80,"جـ جـ",IF(O184>=70,"جـ",IF(O184>=60,"ط",IF(O184>=50,"ل","ر"))))) -> 0 | R184: =IF(Q184>=90,"م",IF(Q184>=80,"جـ جـ",IF(Q184>=70,"جـ",IF(Q184>=60,"ط",IF(Q184>=50,"ل","ر"))))) -> 0 | T184: =IF(S184>=90,"م",IF(S184>=80,"جـ جـ",IF(S184>=70,"جـ",IF(S184>=60,"ط",IF(S184>=50,"ل","ر"))))) -> 0 | V184: =IF(U184>=90,"م",IF(U184>=80,"جـ جـ",IF(U184>=70,"جـ",IF(U184>=60,"ط",IF(U184>=50,"ل","ر"))))) -> 0 | X184: =IF(W184>=90,"م",IF(W184>=80,"جـ جـ",IF(W184>=70,"جـ",IF(W184>=60,"ط",IF(W184>=50,"ل","ر"))))) -> 0 | Z184: =IF(Y184>=90,"م",IF(Y184>=80,"جـ جـ",IF(Y184>=70,"جـ",IF(Y184>=60,"ط",IF(Y184>=50,"ل","ر"))))) -> 0 | AA184: =IF(AND(E184>=50, G184>=50, I184>=50, K184>=50, M184>=50, O184>=50, Q184>=50, S184>=50, U184>=50, W184>=50, Y184>=50), "ناجح", "راسب") -> 0 | AB184: =(E184*7 + G184*2 + I184*6 + K184*7 + M184*4 + O184*2 + Q184*4 + S184*4 + U184*2 + W184*0) / (7 + 2 + 6 + 7 + 4 + 2 + 4 + 4 + 2 + 0) -> 0 | AC184: =IF(AB184>=90,"امتياز",IF(AB184>=80,"جيد جدا",IF(AB184>=70,"جيد",IF(AB184>=60,"متوسط",IF(AB184>=50,"مقبول","راسب"))))) -> 0
C188: اعضاء اللجنة الامتحانية:
C189: عضو اللجنة رقم 1 | F189: عضو اللجنة رقم 4 | K189: عضو اللجنة رقم 7 | P189: عضو اللجنة رقم 10 | W189: عضو اللجنة المركزية | AB189: عضو اللجنة المركزية | AF189: رئيس اللجنة المركزية
C190: عضو اللجنة رقم 2 | F190: عضو اللجنة رقم 5 | K190: عضو اللجنة رقم 8 | P190: عضو اللجنة رقم 11 | W190: اسم رئيس القسم | AB190: اسم المعاون العلمي | AF190: اسم عميد الكلية
C191: عضو اللجنة رقم 3 | F191: عضو اللجنة رقم 6 | K191: عضو اللجنة رقم 9 | P191: عضو اللجنة رقم 12
B193: 1 | C193: يمثل الحقل الاول ازاء اسم الطالب درجات الدور الاول و الذي يليه الدور الثاني و الحقل الثالث الاستحقاق
B194: 2 | C194: يثبت ازاء اسم الطالب سنة الرسوب ويوضع خط احمر تحت اسمه وتثبت درجات المواد غير المطالب بها لنجاحه في سنة سابقة بحبر اخضر
B195: 3 | C195: ل= مقبول ، ط= متوسط ، جـ= جيد ، جـ جـ = جيد جداً ، م = امتياز
C201: جامعةالبصرة | G201: صفحة 5 من 5 | AF201: القسم:الفيزياء
C202: كليةالتربية الصرفة | AF202: المرحلـــــة:الثانية
AF203: الفصـــــــل : (سنوي)
G204: سجل الدرجات النهائية للسنة الدراسية2024-2025
B205: التسلسل | C205: الوحدات | D205: الجنس | E205: 7 | G205: 2 | I205: 6 | K205: 7 | M205: 4 | O205: 2 | Q205: 4 | S205: 4 | U205: 2 | W205: 0 | Y205: 3 | AA205: النتيجة | AB205: المعدل | AC205: التقدير | AD205: الترتيب | AE205: المعدل المرحلة% | AF205: الملاحظات
C206: اسم الطالب المواضيع | E206: الكهربائية والمغناطيسية | G206: اللغة العربية | I206: الرياضيات | K206: الميكانيك | M206: علم النفس | O206: الحاسبات | Q206: الحرارة وخواص المادة | S206: اسس التربية | U206: حقوق الانسان و الديمقراطية | W206: التربية الرياضية | Y206: حقوق الانسان و الديمقراطية
B207: 41 | C207: تقى علي حسين علي | D207: ذ | F207: =IF(E207>=90,"م",IF(E207>=80,"جـ جـ",IF(E207>=70,"جـ",IF(E207>=60,"ط",IF(E207>=50,"ل","ر"))))) -> 0 | H207: =IF(G207>=90,"م",IF(G207>=80,"جـ جـ",IF(G207>=70,"جـ",IF(G207>=60,"ط",IF(G207>=50,"ل","ر"))))) -> 0 | J207: =IF(I207>=90,"م",IF(I207>=80,"جـ جـ",IF(I207>=70,"جـ",IF(I207>=60,"ط",IF(I207>=50,"ل","ر"))))) -> 0 | L207: =IF(K207>=90,"م",IF(K207>=80,"جـ جـ",IF(K207>=70,"جـ",IF(K207>=60,"ط",IF(K207>=50,"ل","ر"))))) -> 0 | N207: =IF(M207>=90,"م",IF(M207>=80,"جـ جـ",IF(M207>=70,"جـ",IF(M207>=60,"ط",IF(M207>=50,"ل","ر"))))) -> 0 | P207: =IF(O207>=90,"م",IF(O207>=80,"جـ جـ",IF(O207>=70,"جـ",IF(O207>=60,"ط",IF(O207>=50,"ل","ر"))))) -> 0 | R207: =IF(Q207>=90,"م",IF(Q207>=80,"جـ جـ",IF(Q207>=70,"جـ",IF(Q207>=60,"ط",IF(Q207>=50,"ل","ر"))))) -> 0 | T207: =IF(S207>=90,"م",IF(S207>=80,"جـ جـ",IF(S207>=70,"جـ",IF(S207>=60,"ط",IF(S207>=50,"ل","ر"))))) -> 0 | V207: =IF(U207>=90,"م",IF(U207>=80,"جـ جـ",IF(U207>=70,"جـ",IF(U207>=60,"ط",IF(U207>=50,"ل","ر"))))) -> 0 | X207: =IF(W207>=90,"م",IF(W207>=80,"جـ جـ",IF(W207>=70,"جـ",IF(W207>=60,"ط",IF(W207>=50,"ل","ر"))))) -> 0 | Z207: =IF(Y207>=90,"م",IF(Y207>=80,"جـ جـ",IF(Y207>=70,"جـ",IF(Y207>=60,"ط",IF(Y207>=50,"ل","ر"))))) -> 0 | AA207: =IF(AND(E207>=50, G207>=50, I207>=50, K207>=50, M207>=50, O207>=50, Q207>=50, S207>=50, U207>=50, W207>=50, Y207>=50), "ناجح", "راسب") -> 0 | AB207: =(E207*7 + G207*2 + I207*6 + K207*7 + M207*4 + O207*2 + Q207*4 + S207*4 + U207*2 + W207*0) / (7 + 2 + 6 + 7 + 4 + 2 + 4 + 4 + 2 + 0) -> 0 | AC207: =IF(AB207>=90,"امتياز",IF(AB207>=80,"جيد جدا",IF(AB207>=70,"جيد",IF(AB207>=60,"متوسط",IF(AB207>=50,"مقبول","راسب"))))) -> 0
B210: 42 | C210: جلال وارد عبدالرضا رشم | D210: ذ | F210: =IF(E210>=90,"م",IF(E210>=80,"جـ جـ",IF(E210>=70,"جـ",IF(E210>=60,"ط",IF(E210>=50,"ل","ر"))))) -> 0 | H210: =IF(G210>=90,"م",IF(G210>=80,"جـ جـ",IF(G210>=70,"جـ",IF(G210>=60,"ط",IF(G210>=50,"ل","ر"))))) -> 0 | J210: =IF(I210>=90,"م",IF(I210>=80,"جـ جـ",IF(I210>=70,"جـ",IF(I210>=60,"ط",IF(I210>=50,"ل","ر"))))) -> 0 | L210: =IF(K210>=90,"م",IF(K210>=80,"جـ جـ",IF(K210>=70,"جـ",IF(K210>=60,"ط",IF(K210>=50,"ل","ر"))))) -> 0 | N210: =IF(M210>=90,"م",IF(M210>=80,"جـ جـ",IF(M210>=70,"جـ",IF(M210>=60,"ط",IF(M210>=50,"ل","ر"))))) -> 0 | P210: =IF(O210>=90,"م",IF(O210>=80,"جـ جـ",IF(O210>=70,"جـ",IF(O210>=60,"ط",IF(O210>=50,"ل","ر"))))) -> 0 | R210: =IF(Q210>=90,"م",IF(Q210>=80,"جـ جـ",IF(Q210>=70,"جـ",IF(Q210>=60,"ط",IF(Q210>=50,"ل","ر"))))) -> 0 | T210: =IF(S210>=90,"م",IF(S210>=80,"جـ جـ",IF(S210>=70,"جـ",IF(S210>=60,"ط",IF(S210>=50,"ل","ر"))))) -> 0 | V210: =IF(U210>=90,"م",IF(U210>=80,"جـ جـ",IF(U210>=70,"جـ",IF(U210>=60,"ط",IF(U210>=50,"ل","ر"))))) -> 0 | X210: =IF(W210>=90,"م",IF(W210>=80,"جـ جـ",IF(W210>=70,"جـ",IF(W210>=60,"ط",IF(W210>=50,"ل","ر"))))) -> 0 | Z210: =IF(Y210>=90,"م",IF(Y210>=80,"جـ جـ",IF(Y210>=70,"جـ",IF(Y210>=60,"ط",IF(Y210>=50,"ل","ر"))))) -> 0 | AA210: =IF(AND(E210>=50, G210>=50, I210>=50, K210>=50, M210>=50, O210>=50, Q210>=50, S210>=50, U210>=50, W210>=50, Y210>=50), "ناجح", "راسب") -> 0 | AB210: =(E210*7 + G210*2 + I210*6 + K210*7 + M210*4 + O210*2 + Q210*4 + S210*4 + U210*2 + W210*0) / (7 + 2 + 6 + 7 + 4 + 2 + 4 + 4 + 2 + 0) -> 0 | AC210: =IF(AB210>=90,"امتياز",IF(AB210>=80,"جيد جدا",IF(AB210>=70,"جيد",IF(AB210>=60,"متوسط",IF(AB210>=50,"مقبول","راسب"))))) -> 0
...

Sheet Statistics
D5: 7 | E5: 2 | F5: 6 | G5: 7 | H5: 4 | I5: 2 | J5: 4 | K5: 4 | L5: 2 | M5: 0 | N5: 3
A6: ت | B6: اسم الطالب | C6: الجنس | D6: الكهربائية والمغناطيسية | E6: اللغة العربية | F6: الرياضيات | G6: الميكانيك | H6: علم النفس | I6: الحاسبات | J6: الحرارة وخواص المادة | K6: اسس التربية | L6: حقوق الانسان و الديمقراطية | M6: التربية الرياضية | N6: حقوق الانسان و الديمقراطية | O6: النتيجة | P6: المعدل | Q6: التقدير | R6: ت | S6: اسم الطالب | T6: الكهربائية والمغناطيسية | U6: اللغة العربية | V6: الرياضيات | W6: الميكانيك | X6: علم النفس | Y6: الحاسبات | Z6: الحرارة وخواص المادة | AA6: اسس التربية | AB6: حقوق الانسان و الديمقراطية | AC6: التربية الرياضية | AD6: حقوق الانسان و الديمقراطية | AE6: النتيجة | AF6: المعدل | AG6: التقدير | AH6: الملاحظات | AL6: الكهربائية والمغناطيسية | AM6: اللغة العربية | AN6: الرياضيات | AO6: الميكانيك | AP6: علم النفس | AQ6: الحاسبات | AR6: الحرارة وخواص المادة | AS6: اسس التربية | AT6: حقوق الانسان و الديمقراطية | AU6: التربية الرياضية | AV6: حقوق الانسان و الديمقراطية
A7: =MasterSheet!B7 -> 0 | B7: =MasterSheet!C7 -> 0 | C7: =MasterSheet!D7 -> 0 | D7: =MasterSheet!E7 -> 0 | E7: =MasterSheet!G7 -> 0 | F7: =MasterSheet!I7 -> 0 | G7: =MasterSheet!K7 -> 0 | H7: =MasterSheet!M7 -> 0 | I7: =MasterSheet!O7 -> 0 | J7: =MasterSheet!Q7 -> 0 | K7: =MasterSheet!S7 -> 0 | L7: =MasterSheet!U7 -> 0 | M7: =MasterSheet!W7 -> 0 | N7: =MasterSheet!Y7 -> 0 | O7: =MasterSheet!AA7 -> 0 | P7: =MasterSheet!AB7 -> 0 | Q7: =MasterSheet!AC7 -> 0 | R7: =A7 -> 0 | S7: =B7 -> 0 | T7: =IF(D7>=90,"امتياز",IF(D7>=80,"جـيد جدا",IF(D7>=70,"جـيد",IF(D7>=60,"متوسط",IF(D7>=50,"مقبول","راسب"))))) -> 0 | U7: =IF(E7>=90,"امتياز",IF(E7>=80,"جـيد جدا",IF(E7>=70,"جـيد",IF(E7>=60,"متوسط",IF(E7>=50,"مقبول","راسب"))))) -> 0 | V7: =IF(F7>=90,"امتياز",IF(F7>=80,"جـيد جدا",IF(F7>=70,"جـيد",IF(F7>=60,"متوسط",IF(F7>=50,"مقبول","راسب"))))) -> 0 | W7: =IF(G7>=90,"امتياز",IF(G7>=80,"جـيد جدا",IF(G7>=70,"جـيد",IF(G7>=60,"متوسط",IF(G7>=50,"مقبول","راسب"))))) -> 0 | X7: =IF(H7>=90,"امتياز",IF(H7>=80,"جـيد جدا",IF(H7>=70,"جـيد",IF(H7>=60,"متوسط",IF(H7>=50,"مقبول","راسب"))))) -> 0 | Y7: =IF(I7>=90,"امتياز",IF(I7>=80,"جـيد جدا",IF(I7>=70,"جـيد",IF(I7>=60,"متوسط",IF(I7>=50,"مقبول","راسب"))))) -> 0 | Z7: =IF(J7>=90,"امتياز",IF(J7>=80,"جـيد جدا",IF(J7>=70,"جـيد",IF(J7>=60,"متوسط",IF(J7>=50,"مقبول","راسب"))))) -> 0 | AA7: =IF(K7>=90,"امتياز",IF(K7>=80,"جـيد جدا",IF(K7>=70,"جـيد",IF(K7>=60,"متوسط",IF(K7>=50,"مقبول","راسب"))))) -> 0 | ... AD7: =IF(N7>=90,"امتياز",IF(N7>=80,"جـيد جدا",IF(N7>=70,"جـيد",IF(N7>=60,"متوسط",IF(N7>=50,"مقبول","راسب"))))) -> 0 | AE7: =MasterSheet!AA7 -> 0 | AF7: =MasterSheet!AB7 -> 0 | AG7: =MasterSheet!AC7 -> 0 | AL7: =IF(D7 >=50,"P","F") -> 0 | AM7: =IF(E7 >=50,"P","F") -> 0 | AN7: =IF(F7 >=50,"P","F") -> 0 | AO7: =IF(G7 >=50,"P","F") -> 0 | AP7: =IF(H7 >=50,"P","F") -> 0 | AQ7: =IF(I7 >=50,"P","F") -> 0 | AR7: =IF(J7 >=50,"P","F") -> 0 | AS7: =IF(K7 >=50,"P","F") -> 0 | ... AV7: =IF(N7 >=50,"P","F") -> 0 | AW7: =IF(AND(N7>=50,N7>=50,F7>=50,G7>=50,H7>=50,I7>=50,J7>=50,K7>=50,L7>=50,M7>=50),"P","F") -> 0
A8: =MasterSheet!B10 -> 0 | B8: =MasterSheet!C10 -> 0 | C8: =MasterSheet!D10 -> 0 | D8: =MasterSheet!E10 -> 0 | E8: =MasterSheet!G10 -> 0 | F8: =MasterSheet!I10 -> 0 | G8: =MasterSheet!K10 -> 0 | H8: =MasterSheet!M10 -> 0 | I8: =MasterSheet!O10 -> 0 | J8: =MasterSheet!Q10 -> 0 | K8: =MasterSheet!S10 -> 0 | L8: =MasterSheet!U10 -> 0 | M8: =MasterSheet!W10 -> 0 | N8: =MasterSheet!Y10 -> 0 | O8: =MasterSheet!AA10 -> 0 | P8: =MasterSheet!AB10 -> 0 | Q8: =MasterSheet!AC10 -> 0 | R8: =A8 -> 0 | S8: =B8 -> 0 | T8: =IF(D8>=90,"امتياز",IF(D8>=80,"جـيد جدا",IF(D8>=70,"جـيد",IF(D8>=60,"متوسط",IF(D8>=50,"مقبول","راسب"))))) -> 0 | U8: =IF(E8>=90,"امتياز",IF(E8>=80,"جـيد جدا",IF(E8>=70,"جـيد",IF(E8>=60,"متوسط",IF(E8>=50,"مقبول","راسب"))))) -> 0 | V8: =IF(F8>=90,"امتياز",IF(F8>=80,"جـيد جدا",IF(F8>=70,"جـيد",IF(F8>=60,"متوسط",IF(F8>=50,"مقبول","راسب"))))) -> 0 | W8: =IF(G8>=90,"امتياز",IF(G8>=80,"جـيد جدا",IF(G8>=70,"جـيد",IF(G8>=60,"متوسط",IF(G8>=50,"مقبول","راسب"))))) -> 0 | X8: =IF(H8>=90,"امتياز",IF(H8>=80,"جـيد جدا",IF(H8>=70,"جـيد",IF(H8>=60,"متوسط",IF(H8>=50,"مقبول","راسب"))))) -> 0 | Y8: =IF(I8>=90,"امتياز",IF(I8>=80,"جـيد جدا",IF(I8>=70,"جـيد",IF(I8>=60,"متوسط",IF(I8>=50,"مقبول","راسب"))))) -> 0 | Z8: =IF(J8>=90,"امتياز",IF(J8>=80,"جـيد جدا",IF(J8>=70,"جـيد",IF(J8>=60,"متوسط",IF(J8>=50,"مقبول","راسب"))))) -> 0 | AA8: =IF(K8>=90,"امتياز",IF(K8>=80,"جـيد جدا",IF(K8>=70,"جـيد",IF(K8>=60,"متوسط",IF(K8>=50,"مقبول","راسب"))))) -> 0 | ... AD8: =IF(N8>=90,"امتياز",IF(N8>=80,"جـيد جدا",IF(N8>=70,"جـيد",IF(N8>=60,"متوسط",IF(N8>=50,"مقبول","راسب"))))) -> 0 | AE8: =MasterSheet!AA10 -> 0 | AF8: =MasterSheet!AB10 -> 0 | AG8: =MasterSheet!AC10 -> 0 | AL8: =IF(D8 >=50,"P","F") -> 0 | AM8: =IF(E8 >=50,"P","F") -> 0 | AN8: =IF(F8 >=50,"P","F") -> 0 | AO8: =IF(G8 >=50,"P","F") -> 0 | AP8: =IF(H8 >=50,"P","F") -> 0 | AQ8: =IF(I8 >=50,"P","F") -> 0 | AR8: =IF(J8 >=50,"P","F") -> 0 | AS8: =IF(K8 >=50,"P","F") -> 0 | ... AV8: =IF(N8 >=50,"P","F") -> 0 | AW8: =IF(AND(N8>=50,N8>=50,F8>=50,G8>=50,H8>=50,I8>=50,J8>=50,K8>=50,L8>=50,M8>=50),"P","F") -> 0
A9: =MasterSheet!B13 -> 0 | B9: =MasterSheet!C13 -> 0 | C9: =MasterSheet!D13 -> 0 | D9: =MasterSheet!E13 -> 0 | E9: =MasterSheet!G13 -> 0 | F9: =MasterSheet!I13 -> 0 | G9: =MasterSheet!K13 -> 0 | H9: =MasterSheet!M13 -> 0 | I9: =MasterSheet!O13 -> 0 | J9: =MasterSheet!Q13 -> 0 | K9: =MasterSheet!S13 -> 0 | L9: =MasterSheet!U13 -> 0 | M9: =MasterSheet!W13 -> 0 | N9: =MasterSheet!Y13 -> 0 | O9: =MasterSheet!AA13 -> 0 | P9: =MasterSheet!AB13 -> 0 | Q9: =MasterSheet!AC13 -> 0 | R9: =A9 -> 0 | S9: =B9 -> 0 | T9: =IF(D9>=90,"امتياز",IF(D9>=80,"جـيد جدا",IF(D9>=70,"جـيد",IF(D9>=60,"متوسط",IF(D9>=50,"مقبول","راسب"))))) -> 0 | U9: =IF(E9>=90,"امتياز",IF(E9>=80,"جـيد جدا",IF(E9>=70,"جـيد",IF(E9>=60,"متوسط",IF(E9>=50,"مقبول","راسب"))))) -> 0 | V9: =IF(F9>=90,"امتياز",IF(F9>=80,"جـيد جدا",IF(F9>=70,"جـيد",IF(F9>=60,"متوسط",IF(F9>=50,"مقبول","راسب"))))) -> 0 | W9: =IF(G9>=90,"امتياز",IF(G9>=80,"جـيد جدا",IF(G9>=70,"جـيد",IF(G9>=60,"متوسط",IF(G9>=50,"مقبول","راسب"))))) -> 0 | X9: =IF(H9>=90,"امتياز",IF(H9>=80,"جـيد جدا",IF(H9>=70,"جـيد",IF(H9>=60,"متوسط",IF(H9>=50,"مقبول","راسب"))))) -> 0 | Y9: =IF(I9>=90,"امتياز",IF(I9>=80,"جـيد جدا",IF(I9>=70,"جـيد",IF(I9>=60,"متوسط",IF(I9>=50,"مقبول","راسب"))))) -> 0 | Z9: =IF(J9>=90,"امتياز",IF(J9>=80,"جـيد جدا",IF(J9>=70,"جـيد",IF(J9>=60,"متوسط",IF(J9>=50,"مقبول","راسب"))))) -> 0 | AA9: =IF(K9>=90,"امتياز",IF(K9>=80,"جـيد جدا",IF(K9>=70,"جـيد",IF(K9>=60,"متوسط",IF(K9>=50,"مقبول","راسب"))))) -> 0 | ... AD9: =IF(N9>=90,"امتياز",IF(N9>=80,"جـيد جدا",IF(N9>=70,"جـيد",IF(N9>=60,"متوسط",IF(N9>=50,"مقبول","راسب"))))) -> 0 | AE9: =MasterSheet!AA13 -> 0 | AF9: =MasterSheet!AB13 -> 0 | AG9: =MasterSheet!AC13 -> 0 | AL9: =IF(D9 >=50,"P","F") -> 0 | AM9: =IF(E9 >=50,"P","F") -> 0 | AN9: =IF(F9 >=50,"P","F") -> 0 | AO9: =IF(G9 >=50,"P","F") -> 0 | AP9: =IF(H9 >=50,"P","F") -> 0 | AQ9: =IF(I9 >=50,"P","F") -> 0 | AR9: =IF(J9 >=50,"P","F") -> 0 | AS9: =IF(K9 >=50,"P","F") -> 0 | ... AV9: =IF(N9 >=50,"P","F") -> 0 | AW9: =IF(AND(N9>=50,N9>=50,F9>=50,G9>=50,H9>=50,I9>=50,J9>=50,K9>=50,L9>=50,M9>=50),"P","F") -> 0
A10: =MasterSheet!B16 -> 0 | B10: =MasterSheet!C16 -> 0 | C10: =MasterSheet!D16 -> 0 | D10: =MasterSheet!E16 -> 0 | E10: =MasterSheet!G16 -> 0 | F10: =MasterSheet!I16 -> 0 | G10: =MasterSheet!K16 -> 0 | H10: =MasterSheet!M16 -> 0 | I10: =MasterSheet!O16 -> 0 | J10: =MasterSheet!Q16 -> 0 | K10: =MasterSheet!S16 -> 0 | L10: =MasterSheet!U16 -> 0 | M10: =MasterSheet!W16 -> 0 | N10: =MasterSheet!Y16 -> 0 | O10: =MasterSheet!AA16 -> 0 | P10: =MasterSheet!AB16 -> 0 | Q10: =MasterSheet!AC16 -> 0 | R10: =A10 -> 0 | S10: =B10 -> 0 | T10: =IF(D10>=90,"امتياز",IF(D10>=80,"جـيد جدا",IF(D10>=70,"جـيد",IF(D10>=60,"متوسط",IF(D10>=50,"مقبول","راسب"))))) -> 0 | U10: =IF(E10>=90,"امتياز",IF(E10>=80,"جـيد جدا",IF(E10>=70,"جـيد",IF(E10>=60,"متوسط",IF(E10>=50,"مقبول","راسب"))))) -> 0 | V10: =IF(F10>=90,"امتياز",IF(F10>=80,"جـيد جدا",IF(F10>=70,"جـيد",IF(F10>=60,"متوسط",IF(F10>=50,"مقبول","راسب"))))) -> 0 | W10: =IF(G10>=90,"امتياز",IF(G10>=80,"جـيد جدا",IF(G10>=70,"جـيد",IF(G10>=60,"متوسط",IF(G10>=50,"مقبول","راسب"))))) -> 0 | X10: =IF(H10>=90,"امتياز",IF(H10>=80,"جـيد جدا",IF(H10>=70,"جـيد",IF(H10>=60,"متوسط",IF(H10>=50,"مقبول","راسب"))))) -> 0 | Y10: =IF(I10>=90,"امتياز",IF(I10>=80,"جـيد جدا",IF(I10>=70,"جـيد",IF(I10>=60,"متوسط",IF(I10>=50,"مقبول","راسب"))))) -> 0 | Z10: =IF(J10>=90,"امتياز",IF(J10>=80,"جـيد جدا",IF(J10>=70,"جـيد",IF(J10>=60,"متوسط",IF(J10>=50,"مقبول","راسب"))))) -> 0 | AA10: =IF(K10>=90,"امتياز",IF(K10>=80,"جـيد جدا",IF(K10>=70,"جـيد",IF(K10>=60,"متوسط",IF(K10>=50,"مقبول","راسب"))))) -> 0 | ... AD10: =IF(N10>=90,"امتياز",IF(N10>=80,"جـيد جدا",IF(N10>=70,"جـيد",IF(N10>=60,"متوسط",IF(N10>=50,"مقبول","راسب"))))) -> 0 | AE10: =MasterSheet!AA16 -> 0 | AF10: =MasterSheet!AB16 -> 0 | AG10: =MasterSheet!AC16 -> 0 | AL10: =IF(D10 >=50,"P","F") -> 0 | AM10: =IF(E10 >=50,"P","F") -> 0 | AN10: =IF(F10 >=50,"P","F") -> 0 | AO10: =IF(G10 >=50,"P","F") -> 0 | AP10: =IF(H10 >=50,"P","F") -> 0 | AQ10: =IF(I10 >=50,"P","F") -> 0 | AR10: =IF(J10 >=50,"P","F") -> 0 | AS10: =IF(K10 >=50,"P","F") -> 0 | ... AV10: =IF(N10 >=50,"P","F") -> 0 | AW10: =IF(AND(N10>=50,N10>=50,F10>=50,G10>=50,H10>=50,I10>=50,J10>=50,K10>=50,L10>=50,M10>=50),"P","F") -> 0
A11: =MasterSheet!B19 -> 0 | B11: =MasterSheet!C19 -> 0 | C11: =MasterSheet!D19 -> 0 | D11: =MasterSheet!E19 -> 0 | E11: =MasterSheet!G19 -> 0 | F11: =MasterSheet!I19 -> 0 | G11: =MasterSheet!K19 -> 0 | H11: =MasterSheet!M19 -> 0 | I11: =MasterSheet!O19 -> 0 | J11: =MasterSheet!Q19 -> 0 | K11: =MasterSheet!S19 -> 0 | L11: =MasterSheet!U19 -> 0 | M11: =MasterSheet!W19 -> 0 | N11: =MasterSheet!Y19 -> 0 | O11: =MasterSheet!AA19 -> 0 | P11: =MasterSheet!AB19 -> 0 | Q11: =MasterSheet!AC19 -> 0 | R11: =A11 -> 0 | S11: =B11 -> 0 | T11: =IF(D11>=90,"امتياز",IF(D11>=80,"جـيد جدا",IF(D11>=70,"جـيد",IF(D11>=60,"متوسط",IF(D11>=50,"مقبول","راسب"))))) -> 0 | U11: =IF(E11>=90,"امتياز",IF(E11>=80,"جـيد جدا",IF(E11>=70,"جـيد",IF(E11>=60,"متوسط",IF(E11>=50,"مقبول","راسب"))))) -> 0 | V11: =IF(F11>=90,"امتياز",IF(F11>=80,"جـيد جدا",IF(F11>=70,"جـيد",IF(F11>=60,"متوسط",IF(F11>=50,"مقبول","راسب"))))) -> 0 | W11: =IF(G11>=90,"امتياز",IF(G11>=80,"جـيد جدا",IF(G11>=70,"جـيد",IF(G11>=60,"متوسط",IF(G11>=50,"مقبول","راسب"))))) -> 0 | X11: =IF(H11>=90,"امتياز",IF(H11>=80,"جـيد جدا",IF(H11>=70,"جـيد",IF(H11>=60,"متوسط",IF(H11>=50,"مقبول","راسب"))))) -> 0 | Y11: =IF(I11>=90,"امتياز",IF(I11>=80,"جـيد جدا",IF(I11>=70,"جـيد",IF(I11>=60,"متوسط",IF(I11>=50,"مقبول","راسب"))))) -> 0 | Z11: =IF(J11>=90,"امتياز",IF(J11>=80,"جـيد جدا",IF(J11>=70,"جـيد",IF(J11>=60,"متوسط",IF(J11>=50,"مقبول","راسب"))))) -> 0 | AA11: =IF(K11>=90,"امتياز",IF(K11>=80,"جـيد جدا",IF(K11>=70,"جـيد",IF(K11>=60,"متوسط",IF(K11>=50,"مقبول","راسب"))))) -> 0 | ... AD11: =IF(N11>=90,"امتياز",IF(N11>=80,"جـيد جدا",IF(N11>=70,"جـيد",IF(N11>=60,"متوسط",IF(N11>=50,"مقبول","راسب"))))) -> 0 | AE11: =MasterSheet!AA19 -> 0 | AF11: =MasterSheet!AB19 -> 0 | AG11: =MasterSheet!AC19 -> 0 | AL11: =IF(D11 >=50,"P","F") -> 0 | AM11: =IF(E11 >=50,"P","F") -> 0 | AN11: =IF(F11 >=50,"P","F") -> 0 | AO11: =IF(G11 >=50,"P","F") -> 0 | AP11: =IF(H11 >=50,"P","F") -> 0 | AQ11: =IF(I11 >=50,"P","F") -> 0 | AR11: =IF(J11 >=50,"P","F") -> 0 | AS11: =IF(K11 >=50,"P","F") -> 0 | ... AV11: =IF(N11 >=50,"P","F") -> 0 | AW11: =IF(AND(N11>=50,N11>=50,F11>=50,G11>=50,H11>=50,I11>=50,J11>=50,K11>=50,L11>=50,M11>=50),"P","F") -> 0
A12: =MasterSheet!B22 -> 0 | B12: =MasterSheet!C22 -> 0 | C12: =MasterSheet!D22 -> 0 | D12: =MasterSheet!E22 -> 0 | E12: =MasterSheet!G22 -> 0 | F12: =MasterSheet!I22 -> 0 | G12: =MasterSheet!K22 -> 0 | H12: =MasterSheet!M22 -> 0 | I12: =MasterSheet!O22 -> 0 | J12: =MasterSheet!Q22 -> 0 | K12: =MasterSheet!S22 -> 0 | L12: =MasterSheet!U22 -> 0 | M12: =MasterSheet!W22 -> 0 | N12: =MasterSheet!Y22 -> 0 | O12: =MasterSheet!AA22 -> 0 | P12: =MasterSheet!AB22 -> 0 | Q12: =MasterSheet!AC22 -> 0 | R12: =A12 -> 0 | S12: =B12 -> 0 | T12: =IF(D12>=90,"امتياز",IF(D12>=80,"جـيد جدا",IF(D12>=70,"جـيد",IF(D12>=60,"متوسط",IF(D12>=50,"مقبول","راسب"))))) -> 0 | U12: =IF(E12>=90,"امتياز",IF(E12>=80,"جـيد جدا",IF(E12>=70,"جـيد",IF(E12>=60,"متوسط",IF(E12>=50,"مقبول","راسب"))))) -> 0 | V12: =IF(F12>=90,"امتياز",IF(F12>=80,"جـيد جدا",IF(F12>=70,"جـيد",IF(F12>=60,"متوسط",IF(F12>=50,"مقبول","راسب"))))) -> 0 | W12: =IF(G12>=90,"امتياز",IF(G12>=80,"جـيد جدا",IF(G12>=70,"جـيد",IF(G12>=60,"متوسط",IF(G12>=50,"مقبول","راسب"))))) -> 0 | X12: =IF(H12>=90,"امتياز",IF(H12>=80,"جـيد جدا",IF(H12>=70,"جـيد",IF(H12>=60,"متوسط",IF(H12>=50,"مقبول","راسب"))))) -> 0 | Y12: =IF(I12>=90,"امتياز",IF(I12>=80,"جـيد جدا",IF(I12>=70,"جـيد",IF(I12>=60,"متوسط",IF(I12>=50,"مقبول","راسب"))))) -> 0 | Z12: =IF(J12>=90,"امتياز",IF(J12>=80,"جـيد جدا",IF(J12>=70,"جـيد",IF(J12>=60,"متوسط",IF(J12>=50,"مقبول","راسب"))))) -> 0 | AA12: =IF(K12>=90,"امتياز",IF(K12>=80,"جـيد جدا",IF(K12>=70,"جـيد",IF(K12>=60,"متوسط",IF(K12>=50,"مقبول","راسب"))))) -> 0 | ... AD12: =IF(N12>=90,"امتياز",IF(N12>=80,"جـيد جدا",IF(N12>=70,"جـيد",IF(N12>=60,"متوسط",IF(N12>=50,"مقبول","راسب"))))) -> 0 | AE12: =MasterSheet!AA22 -> 0 | AF12: =MasterSheet!AB22 -> 0 | AG12: =MasterSheet!AC22 -> 0 | AL12: =IF(D12 >=50,"P","F") -> 0 | AM12: =IF(E12 >=50,"P","F") -> 0 | AN12: =IF(F12 >=50,"P","F") -> 0 | AO12: =IF(G12 >=50,"P","F") -> 0 | AP12: =IF(H12 >=50,"P","F") -> 0 | AQ12: =IF(I12 >=50,"P","F") -> 0 | AR12: =IF(J12 >=50,"P","F") -> 0 | AS12: =IF(K12 >=50,"P","F") -> 0 | ... AV12: =IF(N12 >=50,"P","F") -> 0 | AW12: =IF(AND(N12>=50,N12>=50,F12>=50,G12>=50,H12>=50,I12>=50,J12>=50,K12>=50,L12>=50,M12>=50),"P","F") -> 0
A13: =MasterSheet!B25 -> 0 | B13: =MasterSheet!C25 -> 0 | C13: =MasterSheet!D25 -> 0 | D13: =MasterSheet!E25 -> 0 | E13: =MasterSheet!G25 -> 0 | F13: =MasterSheet!I25 -> 0 | G13: =MasterSheet!K25 -> 0 | H13: =MasterSheet!M25 -> 0 | I13: =MasterSheet!O25 -> 0 | J13: =MasterSheet!Q25 -> 0 | K13: =MasterSheet!S25 -> 0 | L13: =MasterSheet!U25 -> 0 | M13: =MasterSheet!W25 -> 0 | N13: =MasterSheet!Y25 -> 0 | O13: =MasterSheet!AA25 -> 0 | P13: =MasterSheet!AB25 -> 0 | Q13: =MasterSheet!AC25 -> 0 | R13: =A13 -> 0 | S13: =B13 -> 0 | T13: =IF(D13>=90,"امتياز",IF(D13>=80,"جـيد جدا",IF(D13>=70,"جـيد",IF(D13>=60,"متوسط",IF(D13>=50,"مقبول","راسب"))))) -> 0 | U13: =IF(E13>=90,"امتياز",IF(E13>=80,"جـيد جدا",IF(E13>=70,"جـيد",IF(E13>=60,"متوسط",IF(E13>=50,"مقبول","راسب"))))) -> 0 | V13: =IF(F13>=90,"امتياز",IF(F13>=80,"جـيد جدا",IF(F13>=70,"جـيد",IF(F13>=60,"متوسط",IF(F13>=50,"مقبول","راسب"))))) -> 0 | W13: =IF(G13>=90,"امتياز",IF(G13>=80,"جـيد جدا",IF(G13>=70,"جـيد",IF(G13>=60,"متوسط",IF(G13>=50,"مقبول","راسب"))))) -> 0 | X13: =IF(H13>=90,"امتياز",IF(H13>=80,"جـيد جدا",IF(H13>=70,"جـيد",IF(H13>=60,"متوسط",IF(H13>=50,"مقبول","راسب"))))) -> 0 | Y13: =IF(I13>=90,"امتياز",IF(I13>=80,"جـيد جدا",IF(I13>=70,"جـيد",IF(I13>=60,"متوسط",IF(I13>=50,"مقبول","راسب"))))) -> 0 | Z13: =IF(J13>=90,"امتياز",IF(J13>=80,"جـيد جدا",IF(J13>=70,"جـيد",IF(J13>=60,"متوسط",IF(J13>=50,"مقبول","راسب"))))) -> 0 | AA13: =IF(K13>=90,"امتياز",IF(K13>=80,"جـيد جدا",IF(K13>=70,"جـيد",IF(K13>=60,"متوسط",IF(K13>=50,"مقبول","راسب"))))) -> 0 | ... AD13: =IF(N13>=90,"امتياز",IF(N13>=80,"جـيد جدا",IF(N13>=70,"جـيد",IF(N13>=60,"متوسط",IF(N13>=50,"مقبول","راسب"))))) -> 0 | AE13: =MasterSheet!AA25 -> 0 | AF13: =MasterSheet!AB25 -> 0 | AG13: =MasterSheet!AC25 -> 0 | AL13: =IF(D13 >=50,"P","F") -> 0 | AM13: =IF(E13 >=50,"P","F") -> 0 | AN13: =IF(F13 >=50,"P","F") -> 0 | AO13: =IF(G13 >=50,"P","F") -> 0 | AP13: =IF(H13 >=50,"P","F") -> 0 | AQ13: =IF(I13 >=50,"P","F") -> 0 | AR13: =IF(J13 >=50,"P","F") -> 0 | AS13: =IF(K13 >=50,"P","F") -> 0 | ... AV13: =IF(N13 >=50,"P","F") -> 0 | AW13: =IF(AND(N13>=50,N13>=50,F13>=50,G13>=50,H13>=50,I13>=50,J13>=50,K13>=50,L13>=50,M13>=50),"P","F") -> 0
A14: =MasterSheet!B28 -> 0 | B14: =MasterSheet!C28 -> 0 | C14: =MasterSheet!D28 -> 0 | D14: =MasterSheet!E28 -> 0 | E14: =MasterSheet!G28 -> 0 | F14: =MasterSheet!I28 -> 0 | G14: =MasterSheet!K28 -> 0 | H14: =MasterSheet!M28 -> 0 | I14: =MasterSheet!O28 -> 0 | J14: =MasterSheet!Q28 -> 0 | K14: =MasterSheet!S28 -> 0 | L14: =MasterSheet!U28 -> 0 | M14: =MasterSheet!W28 -> 0 | N14: =MasterSheet!Y28 -> 0 | O14: =MasterSheet!AA28 -> 0 | P14: =MasterSheet!AB28 -> 0 | Q14: =MasterSheet!AC28 -> 0 | R14: =A14 -> 0 | S14: =B14 -> 0 | T14: =IF(D14>=90,"امتياز",IF(D14>=80,"جـيد جدا",IF(D14>=70,"جـيد",IF(D14>=60,"متوسط",IF(D14>=50,"مقبول","راسب"))))) -> 0 | U14: =IF(E14>=90,"امتياز",IF(E14>=80,"جـيد جدا",IF(E14>=70,"جـيد",IF(E14>=60,"متوسط",IF(E14>=50,"مقبول","راسب"))))) -> 0 | V14: =IF(F14>=90,"امتياز",IF(F14>=80,"جـيد جدا",IF(F14>=70,"جـيد",IF(F14>=60,"متوسط",IF(F14>=50,"مقبول","راسب"))))) -> 0 | W14: =IF(G14>=90,"امتياز",IF(G14>=80,"جـيد جدا",IF(G14>=70,"جـيد",IF(G14>=60,"متوسط",IF(G14>=50,"مقبول","راسب"))))) -> 0 | X14: =IF(H14>=90,"امتياز",IF(H14>=80,"جـيد جدا",IF(H14>=70,"جـيد",IF(H14>=60,"متوسط",IF(H14>=50,"مقبول","راسب"))))) -> 0 | Y14: =IF(I14>=90,"امتياز",IF(I14>=80,"جـيد جدا",IF(I14>=70,"جـيد",IF(I14>=60,"متوسط",IF(I14>=50,"مقبول","راسب"))))) -> 0 | Z14: =IF(J14>=90,"امتياز",IF(J14>=80,"جـيد جدا",IF(J14>=70,"جـيد",IF(J14>=60,"متوسط",IF(J14>=50,"مقبول","راسب"))))) -> 0 | AA14: =IF(K14>=90,"امتياز",IF(K14>=80,"جـيد جدا",IF(K14>=70,"جـيد",IF(K14>=60,"متوسط",IF(K14>=50,"مقبول","راسب"))))) -> 0 | ... AD14: =IF(N14>=90,"امتياز",IF(N14>=80,"جـيد جدا",IF(N14>=70,"جـيد",IF(N14>=60,"متوسط",IF(N14>=50,"مقبول","راسب"))))) -> 0 | AE14: =MasterSheet!AA28 -> 0 | AF14: =MasterSheet!AB28 -> 0 | AG14: =MasterSheet!AC28 -> 0 | AL14: =IF(D14 >=50,"P","F") -> 0 | AM14: =IF(E14 >=50,"P","F") -> 0 | AN14: =IF(F14 >=50,"P","F") -> 0 | AO14: =IF(G14 >=50,"P","F") -> 0 | AP14: =IF(H14 >=50,"P","F") -> 0 | AQ14: =IF(I14 >=50,"P","F") -> 0 | AR14: =IF(J14 >=50,"P","F") -> 0 | AS14: =IF(K14 >=50,"P","F") -> 0 | ... AV14: =IF(N14 >=50,"P","F") -> 0 | AW14: =IF(AND(N14>=50,N14>=50,F14>=50,G14>=50,H14>=50,I14>=50,J14>=50,K14>=50,L14>=50,M14>=50),"P","F") -> 0
A15: =MasterSheet!B31 -> 0 | B15: =MasterSheet!C31 -> 0 | C15: =MasterSheet!D31 -> 0 | D15: =MasterSheet!E31 -> 0 | E15: =MasterSheet!G31 -> 0 | F15: =MasterSheet!I31 -> 0 | G15: =MasterSheet!K31 -> 0 | H15: =MasterSheet!M31 -> 0 | I15: =MasterSheet!O31 -> 0 | J15: =MasterSheet!Q31 -> 0 | K15: =MasterSheet!S31 -> 0 | L15: =MasterSheet!U31 -> 0 | M15: =MasterSheet!W31 -> 0 | N15: =MasterSheet!Y31 -> 0 | O15: =MasterSheet!AA31 -> 0 | P15: =MasterSheet!AB31 -> 0 | Q15: =MasterSheet!AC31 -> 0 | R15: =A15 -> 0 | S15: =B15 -> 0 | T15: =IF(D15>=90,"امتياز",IF(D15>=80,"جـيد جدا",IF(D15>=70,"جـيد",IF(D15>=60,"متوسط",IF(D15>=50,"مقبول","راسب"))))) -> 0 | U15: =IF(E15>=90,"امتياز",IF(E15>=80,"جـيد جدا",IF(E15>=70,"جـيد",IF(E15>=60,"متوسط",IF(E15>=50,"مقبول","راسب"))))) -> 0 | V15: =IF(F15>=90,"امتياز",IF(F15>=80,"جـيد جدا",IF(F15>=70,"جـيد",IF(F15>=60,"متوسط",IF(F15>=50,"مقبول","راسب"))))) -> 0 | W15: =IF(G15>=90,"امتياز",IF(G15>=80,"جـيد جدا",IF(G15>=70,"جـيد",IF(G15>=60,"متوسط",IF(G15>=50,"مقبول","راسب"))))) -> 0 | X15: =IF(H15>=90,"امتياز",IF(H15>=80,"جـيد جدا",IF(H15>=70,"جـيد",IF(H15>=60,"متوسط",IF(H15>=50,"مقبول","راسب"))))) -> 0 | Y15: =IF(I15>=90,"امتياز",IF(I15>=80,"جـيد جدا",IF(I15>=70,"جـيد",IF(I15>=60,"متوسط",IF(I15>=50,"مقبول","راسب"))))) -> 0 | Z15: =IF(J15>=90,"امتياز",IF(J15>=80,"جـيد جدا",IF(J15>=70,"جـيد",IF(J15>=60,"متوسط",IF(J15>=50,"مقبول","راسب"))))) -> 0 | AA15: =IF(K15>=90,"امتياز",IF(K15>=80,"جـيد جدا",IF(K15>=70,"جـيد",IF(K15>=60,"متوسط",IF(K15>=50,"مقبول","راسب"))))) -> 0 | ... AD15: =IF(N15>=90,"امتياز",IF(N15>=80,"جـيد جدا",IF(N15>=70,"جـيد",IF(N15>=60,"متوسط",IF(N15>=50,"مقبول","راسب"))))) -> 0 | AE15: =MasterSheet!AA31 -> 0 | AF15: =MasterSheet!AB31 -> 0 | AG15: =MasterSheet!AC31 -> 0 | AL15: =IF(D15 >=50,"P","F") -> 0 | AM15: =IF(E15 >=50,"P","F") -> 0 | AN15: =IF(F15 >=50,"P","F") -> 0 | AO15: =IF(G15 >=50,"P","F") -> 0 | AP15: =IF(H15 >=50,"P","F") -> 0 | AQ15: =IF(I15 >=50,"P","F") -> 0 | AR15: =IF(J15 >=50,"P","F") -> 0 | AS15: =IF(K15 >=50,"P","F") -> 0 | ... AV15: =IF(N15 >=50,"P","F") -> 0 | AW15: =IF(AND(N15>=50,N15>=50,F15>=50,G15>=50,H15>=50,I15>=50,J15>=50,K15>=50,L15>=50,M15>=50),"P","F") -> 0
A16: =MasterSheet!B34 -> 0 | B16: =MasterSheet!C34 -> 0 | C16: =MasterSheet!D34 -> 0 | D16: =MasterSheet!E34 -> 0 | E16: =MasterSheet!G34 -> 0 | F16: =MasterSheet!I34 -> 0 | G16: =MasterSheet!K34 -> 0 | H16: =MasterSheet!M34 -> 0 | I16: =MasterSheet!O34 -> 0 | J16: =MasterSheet!Q34 -> 0 | K16: =MasterSheet!S34 -> 0 | L16: =MasterSheet!U34 -> 0 | M16: =MasterSheet!W34 -> 0 | N16: =MasterSheet!Y34 -> 0 | O16: =MasterSheet!AA34 -> 0 | P16: =MasterSheet!AB34 -> 0 | Q16: =MasterSheet!AC34 -> 0 | R16: =A16 -> 0 | S16: =B16 -> 0 | T16: =IF(D16>=90,"امتياز",IF(D16>=80,"جـيد جدا",IF(D16>=70,"جـيد",IF(D16>=60,"متوسط",IF(D16>=50,"مقبول","راسب"))))) -> 0 | U16: =IF(E16>=90,"امتياز",IF(E16>=80,"جـيد جدا",IF(E16>=70,"جـيد",IF(E16>=60,"متوسط",IF(E16>=50,"مقبول","راسب"))))) -> 0 | V16: =IF(F16>=90,"امتياز",IF(F16>=80,"جـيد جدا",IF(F16>=70,"جـيد",IF(F16>=60,"متوسط",IF(F16>=50,"مقبول","راسب"))))) -> 0 | W16: =IF(G16>=90,"امتياز",IF(G16>=80,"جـيد جدا",IF(G16>=70,"جـيد",IF(G16>=60,"متوسط",IF(G16>=50,"مقبول","راسب"))))) -> 0 | X16: =IF(H16>=90,"امتياز",IF(H16>=80,"جـيد جدا",IF(H16>=70,"جـيد",IF(H16>=60,"متوسط",IF(H16>=50,"مقبول","راسب"))))) -> 0 | Y16: =IF(I16>=90,"امتياز",IF(I16>=80,"جـيد جدا",IF(I16>=70,"جـيد",IF(I16>=60,"متوسط",IF(I16>=50,"مقبول","راسب"))))) -> 0 | Z16: =IF(J16>=90,"امتياز",IF(J16>=80,"جـيد جدا",IF(J16>=70,"جـيد",IF(J16>=60,"متوسط",IF(J16>=50,"مقبول","راسب"))))) -> 0 | AA16: =IF(K16>=90,"امتياز",IF(K16>=80,"جـيد جدا",IF(K16>=70,"جـيد",IF(K16>=60,"متوسط",IF(K16>=50,"مقبول","راسب"))))) -> 0 | ... AD16: =IF(N16>=90,"امتياز",IF(N16>=80,"جـيد جدا",IF(N16>=70,"جـيد",IF(N16>=60,"متوسط",IF(N16>=50,"مقبول","راسب"))))) -> 0 | AE16: =MasterSheet!AA34 -> 0 | AF16: =MasterSheet!AB34 -> 0 | AG16: =MasterSheet!AC34 -> 0 | AL16: =IF(D16 >=50,"P","F") -> 0 | AM16: =IF(E16 >=50,"P","F") -> 0 | AN16: =IF(F16 >=50,"P","F") -> 0 | AO16: =IF(G16 >=50,"P","F") -> 0 | AP16: =IF(H16 >=50,"P","F") -> 0 | AQ16: =IF(I16 >=50,"P","F") -> 0 | AR16: =IF(J16 >=50,"P","F") -> 0 | AS16: =IF(K16 >=50,"P","F") -> 0 | ... AV16: =IF(N16 >=50,"P","F") -> 0 | AW16: =IF(AND(N16>=50,N16>=50,F16>=50,G16>=50,H16>=50,I16>=50,J16>=50,K16>=50,L16>=50,M16>=50),"P","F") -> 0
A17: =MasterSheet!B57 -> 0 | B17: =MasterSheet!C57 -> 0 | C17: =MasterSheet!D57 -> 0 | D17: =MasterSheet!E57 -> 0 | E17: =MasterSheet!G57 -> 0 | F17: =MasterSheet!I57 -> 0 | G17: =MasterSheet!K57 -> 0 | H17: =MasterSheet!M57 -> 0 | I17: =MasterSheet!O57 -> 0 | J17: =MasterSheet!Q57 -> 0 | K17: =MasterSheet!S57 -> 0 | L17: =MasterSheet!U57 -> 0 | M17: =MasterSheet!W57 -> 0 | N17: =MasterSheet!Y57 -> 0 | O17: =MasterSheet!AA57 -> 0 | P17: =MasterSheet!AB57 -> 0 | Q17: =MasterSheet!AC57 -> 0 | R17: =A17 -> 0 | S17: =B17 -> 0 | T17: =IF(D17>=90,"امتياز",IF(D17>=80,"جـيد جدا",IF(D17>=70,"جـيد",IF(D17>=60,"متوسط",IF(D17>=50,"مقبول","راسب"))))) -> 0 | U17: =IF(E17>=90,"امتياز",IF(E17>=80,"جـيد جدا",IF(E17>=70,"جـيد",IF(E17>=60,"متوسط",IF(E17>=50,"مقبول","راسب"))))) -> 0 | V17: =IF(F17>=90,"امتياز",IF(F17>=80,"جـيد جدا",IF(F17>=70,"جـيد",IF(F17>=60,"متوسط",IF(F17>=50,"مقبول","راسب"))))) -> 0 | W17: =IF(G17>=90,"امتياز",IF(G17>=80,"جـيد جدا",IF(G17>=70,"جـيد",IF(G17>=60,"متوسط",IF(G17>=50,"مقبول","راسب"))))) -> 0 | X17: =IF(H17>=90,"امتياز",IF(H17>=80,"جـيد جدا",IF(H17>=70,"جـيد",IF(H17>=60,"متوسط",IF(H17>=50,"مقبول","راسب"))))) -> 0 | Y17: =IF(I17>=90,"امتياز",IF(I17>=80,"جـيد جدا",IF(I17>=70,"جـيد",IF(I17>=60,"متوسط",IF(I17>=50,"مقبول","راسب"))))) -> 0 | Z17: =IF(J17>=90,"امتياز",IF(J17>=80,"جـيد جدا",IF(J17>=70,"جـيد",IF(J17>=60,"متوسط",IF(J17>=50,"مقبول","راسب"))))) -> 0 | AA17: =IF(K17>=90,"امتياز",IF(K17>=80,"جـيد جدا",IF(K17>=70,"جـيد",IF(K17>=60,"متوسط",IF(K17>=50,"مقبول","راسب"))))) -> 0 | ... AD17: =IF(N17>=90,"امتياز",IF(N17>=80,"جـيد جدا",IF(N17>=70,"جـيد",IF(N17>=60,"متوسط",IF(N17>=50,"مقبول","راسب"))))) -> 0 | AE17: =MasterSheet!AA57 -> 0 | AF17: =MasterSheet!AB57 -> 0 | AG17: =MasterSheet!AC57 -> 0 | AL17: =IF(D17 >=50,"P","F") -> 0 | AM17: =IF(E17 >=50,"P","F") -> 0 | AN17: =IF(F17 >=50,"P","F") -> 0 | AO17: =IF(G17 >=50,"P","F") -> 0 | AP17: =IF(H17 >=50,"P","F") -> 0 | AQ17: =IF(I17 >=50,"P","F") -> 0 | AR17: =IF(J17 >=50,"P","F") -> 0 | AS17: =IF(K17 >=50,"P","F") -> 0 | ... AV17: =IF(N17 >=50,"P","F") -> 0 | AW17: =IF(AND(N17>=50,N17>=50,F17>=50,G17>=50,H17>=50,I17>=50,J17>=50,K17>=50,L17>=50,M17>=50),"P","F") -> 0
A18: =MasterSheet!B60 -> 0 | B18: =MasterSheet!C60 -> 0 | C18: =MasterSheet!D60 -> 0 | D18: =MasterSheet!E60 -> 0 | E18: =MasterSheet!G60 -> 0 | F18: =MasterSheet!I60 -> 0 | G18: =MasterSheet!K60 -> 0 | H18: =MasterSheet!M60 -> 0 | I18: =MasterSheet!O60 -> 0 | J18: =MasterSheet!Q60 -> 0 | K18: =MasterSheet!S60 -> 0 | L18: =MasterSheet!U60 -> 0 | M18: =MasterSheet!W60 -> 0 | N18: =MasterSheet!Y60 -> 0 | O18: =MasterSheet!AA60 -> 0 | P18: =MasterSheet!AB60 -> 0 | Q18: =MasterSheet!AC60 -> 0 | R18: =A18 -> 0 | S18: =B18 -> 0 | T18: =IF(D18>=90,"امتياز",IF(D18>=80,"جـيد جدا",IF(D18>=70,"جـيد",IF(D18>=60,"متوسط",IF(D18>=50,"مقبول","راسب"))))) -> 0 | U18: =IF(E18>=90,"امتياز",IF(E18>=80,"جـيد جدا",IF(E18>=70,"جـيد",IF(E18>=60,"متوسط",IF(E18>=50,"مقبول","راسب"))))) -> 0 | V18: =IF(F18>=90,"امتياز",IF(F18>=80,"جـيد جدا",IF(F18>=70,"جـيد",IF(F18>=60,"متوسط",IF(F18>=50,"مقبول","راسب"))))) -> 0 | W18: =IF(G18>=90,"امتياز",IF(G18>=80,"جـيد جدا",IF(G18>=70,"جـيد",IF(G18>=60,"متوسط",IF(G18>=50,"مقبول","راسب"))))) -> 0 | X18: =IF(H18>=90,"امتياز",IF(H18>=80,"جـيد جدا",IF(H18>=70,"جـيد",IF(H18>=60,"متوسط",IF(H18>=50,"مقبول","راسب"))))) -> 0 | Y18: =IF(I18>=90,"امتياز",IF(I18>=80,"جـيد جدا",IF(I18>=70,"جـيد",IF(I18>=60,"متوسط",IF(I18>=50,"مقبول","راسب"))))) -> 0 | Z18: =IF(J18>=90,"امتياز",IF(J18>=80,"جـيد جدا",IF(J18>=70,"جـيد",IF(J18>=60,"متوسط",IF(J18>=50,"مقبول","راسب"))))) -> 0 | AA18: =IF(K18>=90,"امتياز",IF(K18>=80,"جـيد جدا",IF(K18>=70,"جـيد",IF(K18>=60,"متوسط",IF(K18>=50,"مقبول","راسب"))))) -> 0 | ... AD18: =IF(N18>=90,"امتياز",IF(N18>=80,"جـيد جدا",IF(N18>=70,"جـيد",IF(N18>=60,"متوسط",IF(N18>=50,"مقبول","راسب"))))) -> 0 | AE18: =MasterSheet!AA60 -> 0 | AF18: =MasterSheet!AB60 -> 0 | AG18: =MasterSheet!AC60 -> 0 | AL18: =IF(D18 >=50,"P","F") -> 0 | AM18: =IF(E18 >=50,"P","F") -> 0 | AN18: =IF(F18 >=50,"P","F") -> 0 | AO18: =IF(G18 >=50,"P","F") -> 0 | AP18: =IF(H18 >=50,"P","F") -> 0 | AQ18: =IF(I18 >=50,"P","F") -> 0 | AR18: =IF(J18 >=50,"P","F") -> 0 | AS18: =IF(K18 >=50,"P","F") -> 0 | ... AV18: =IF(N18 >=50,"P","F") -> 0 | AW18: =IF(AND(N18>=50,N18>=50,F18>=50,G18>=50,H18>=50,I18>=50,J18>=50,K18>=50,L18>=50,M18>=50),"P","F") -> 0
A19: =MasterSheet!B63 -> 0 | B19: =MasterSheet!C63 -> 0 | C19: =MasterSheet!D63 -> 0 | D19: =MasterSheet!E63 -> 0 | E19: =MasterSheet!G63 -> 0 | F19: =MasterSheet!I63 -> 0 | G19: =MasterSheet!K63 -> 0 | H19: =MasterSheet!M63 -> 0 | I19: =MasterSheet!O63 -> 0 | J19: =MasterSheet!Q63 -> 0 | K19: =MasterSheet!S63 -> 0 | L19: =MasterSheet!U63 -> 0 | M19: =MasterSheet!W63 -> 0 | N19: =MasterSheet!Y63 -> 0 | O19: =MasterSheet!AA63 -> 0 | P19: =MasterSheet!AB63 -> 0 | Q19: =MasterSheet!AC63 -> 0 | R19: =A19 -> 0 | S19: =B19 -> 0 | T19: =IF(D19>=90,"امتياز",IF(D19>=80,"جـيد جدا",IF(D19>=70,"جـيد",IF(D19>=60,"متوسط",IF(D19>=50,"مقبول","راسب"))))) -> 0 | U19: =IF(E19>=90,"امتياز",IF(E19>=80,"جـيد جدا",IF(E19>=70,"جـيد",IF(E19>=60,"متوسط",IF(E19>=50,"مقبول","راسب"))))) -> 0 | V19: =IF(F19>=90,"امتياز",IF(F19>=80,"جـيد جدا",IF(F19>=70,"جـيد",IF(F19>=60,"متوسط",IF(F19>=50,"مقبول","راسب"))))) -> 0 | W19: =IF(G19>=90,"امتياز",IF(G19>=80,"جـيد جدا",IF(G19>=70,"جـيد",IF(G19>=60,"متوسط",IF(G19>=50,"مقبول","راسب"))))) -> 0 | X19: =IF(H19>=90,"امتياز",IF(H19>=80,"جـيد جدا",IF(H19>=70,"جـيد",IF(H19>=60,"متوسط",IF(H19>=50,"مقبول","راسب"))))) -> 0 | Y19: =IF(I19>=90,"امتياز",IF(I19>=80,"جـيد جدا",IF(I19>=70,"جـيد",IF(I19>=60,"متوسط",IF(I19>=50,"مقبول","راسب"))))) -> 0 | Z19: =IF(J19>=90,"امتياز",IF(J19>=80,"جـيد جدا",IF(J19>=70,"جـيد",IF(J19>=60,"متوسط",IF(J19>=50,"مقبول","راسب"))))) -> 0 | AA19: =IF(K19>=90,"امتياز",IF(K19>=80,"جـيد جدا",IF(K19>=70,"جـيد",IF(K19>=60,"متوسط",IF(K19>=50,"مقبول","راسب"))))) -> 0 | ... AD19: =IF(N19>=90,"امتياز",IF(N19>=80,"جـيد جدا",IF(N19>=70,"جـيد",IF(N19>=60,"متوسط",IF(N19>=50,"مقبول","راسب"))))) -> 0 | AE19: =MasterSheet!AA63 -> 0 | AF19: =MasterSheet!AB63 -> 0 | AG19: =MasterSheet!AC63 -> 0 | AL19: =IF(D19 >=50,"P","F") -> 0 | AM19: =IF(E19 >=50,"P","F") -> 0 | AN19: =IF(F19 >=50,"P","F") -> 0 | AO19: =IF(G19 >=50,"P","F") -> 0 | AP19: =IF(H19 >=50,"P","F") -> 0 | AQ19: =IF(I19 >=50,"P","F") -> 0 | AR19: =IF(J19 >=50,"P","F") -> 0 | AS19: =IF(K19 >=50,"P","F") -> 0 | ... AV19: =IF(N19 >=50,"P","F") -> 0 | AW19: =IF(AND(N19>=50,N19>=50,F19>=50,G19>=50,H19>=50,I19>=50,J19>=50,K19>=50,L19>=50,M19>=50),"P","F") -> 0
A20: =MasterSheet!B66 -> 0 | B20: =MasterSheet!C66 -> 0 | C20: =MasterSheet!D66 -> 0 | D20: =MasterSheet!E66 -> 0 | E20: =MasterSheet!G66 -> 0 | F20: =MasterSheet!I66 -> 0 | G20: =MasterSheet!K66 -> 0 | H20: =MasterSheet!M66 -> 0 | I20: =MasterSheet!O66 -> 0 | J20: =MasterSheet!Q66 -> 0 | K20: =MasterSheet!S66 -> 0 | L20: =MasterSheet!U66 -> 0 | M20: =MasterSheet!W66 -> 0 | N20: =MasterSheet!Y66 -> 0 | O20: =MasterSheet!AA66 -> 0 | P20: =MasterSheet!AB66 -> 0 | Q20: =MasterSheet!AC66 -> 0 | R20: =A20 -> 0 | S20: =B20 -> 0 | T20: =IF(D20>=90,"امتياز",IF(D20>=80,"جـيد جدا",IF(D20>=70,"جـيد",IF(D20>=60,"متوسط",IF(D20>=50,"مقبول","راسب"))))) -> 0 | U20: =IF(E20>=90,"امتياز",IF(E20>=80,"جـيد جدا",IF(E20>=70,"جـيد",IF(E20>=60,"متوسط",IF(E20>=50,"مقبول","راسب"))))) -> 0 | V20: =IF(F20>=90,"امتياز",IF(F20>=80,"جـيد جدا",IF(F20>=70,"جـيد",IF(F20>=60,"متوسط",IF(F20>=50,"مقبول","راسب"))))) -> 0 | W20: =IF(G20>=90,"امتياز",IF(G20>=80,"جـيد جدا",IF(G20>=70,"جـيد",IF(G20>=60,"متوسط",IF(G20>=50,"مقبول","راسب"))))) -> 0 | X20: =IF(H20>=90,"امتياز",IF(H20>=80,"جـيد جدا",IF(H20>=70,"جـيد",IF(H20>=60,"متوسط",IF(H20>=50,"مقبول","راسب"))))) -> 0 | Y20: =IF(I20>=90,"امتياز",IF(I20>=80,"جـيد جدا",IF(I20>=70,"جـيد",IF(I20>=60,"متوسط",IF(I20>=50,"مقبول","راسب"))))) -> 0 | Z20: =IF(J20>=90,"امتياز",IF(J20>=80,"جـيد جدا",IF(J20>=70,"جـيد",IF(J20>=60,"متوسط",IF(J20>=50,"مقبول","راسب"))))) -> 0 | AA20: =IF(K20>=90,"امتياز",IF(K20>=80,"جـيد جدا",IF(K20>=70,"جـيد",IF(K20>=60,"متوسط",IF(K20>=50,"مقبول","راسب"))))) -> 0 | ... AD20: =IF(N20>=90,"امتياز",IF(N20>=80,"جـيد جدا",IF(N20>=70,"جـيد",IF(N20>=60,"متوسط",IF(N20>=50,"مقبول","راسب"))))) -> 0 | AE20: =MasterSheet!AA66 -> 0 | AF20: =MasterSheet!AB66 -> 0 | AG20: =MasterSheet!AC66 -> 0 | AL20: =IF(D20 >=50,"P","F") -> 0 | AM20: =IF(E20 >=50,"P","F") -> 0 | AN20: =IF(F20 >=50,"P","F") -> 0 | AO20: =IF(G20 >=50,"P","F") -> 0 | AP20: =IF(H20 >=50,"P","F") -> 0 | AQ20: =IF(I20 >=50,"P","F") -> 0 | AR20: =IF(J20 >=50,"P","F") -> 0 | AS20: =IF(K20 >=50,"P","F") -> 0 | ... AV20: =IF(N20 >=50,"P","F") -> 0 | AW20: =IF(AND(N20>=50,N20>=50,F20>=50,G20>=50,H20>=50,I20>=50,J20>=50,K20>=50,L20>=50,M20>=50),"P","F") -> 0
A21: =MasterSheet!B69 -> 0 | B21: =MasterSheet!C69 -> 0 | C21: =MasterSheet!D69 -> 0 | D21: =MasterSheet!E69 -> 0 | E21: =MasterSheet!G69 -> 0 | F21: =MasterSheet!I69 -> 0 | G21: =MasterSheet!K69 -> 0 | H21: =MasterSheet!M69 -> 0 | I21: =MasterSheet!O69 -> 0 | J21: =MasterSheet!Q69 -> 0 | K21: =MasterSheet!S69 -> 0 | L21: =MasterSheet!U69 -> 0 | M21: =MasterSheet!W69 -> 0 | N21: =MasterSheet!Y69 -> 0 | O21: =MasterSheet!AA69 -> 0 | P21: =MasterSheet!AB69 -> 0 | Q21: =MasterSheet!AC69 -> 0 | R21: =A21 -> 0 | S21: =B21 -> 0 | T21: =IF(D21>=90,"امتياز",IF(D21>=80,"جـيد جدا",IF(D21>=70,"جـيد",IF(D21>=60,"متوسط",IF(D21>=50,"مقبول","راسب"))))) -> 0 | U21: =IF(E21>=90,"امتياز",IF(E21>=80,"جـيد جدا",IF(E21>=70,"جـيد",IF(E21>=60,"متوسط",IF(E21>=50,"مقبول","راسب"))))) -> 0 | V21: =IF(F21>=90,"امتياز",IF(F21>=80,"جـيد جدا",IF(F21>=70,"جـيد",IF(F21>=60,"متوسط",IF(F21>=50,"مقبول","راسب"))))) -> 0 | W21: =IF(G21>=90,"امتياز",IF(G21>=80,"جـيد جدا",IF(G21>=70,"جـيد",IF(G21>=60,"متوسط",IF(G21>=50,"مقبول","راسب"))))) -> 0 | X21: =IF(H21>=90,"امتياز",IF(H21>=80,"جـيد جدا",IF(H21>=70,"جـيد",IF(H21>=60,"متوسط",IF(H21>=50,"مقبول","راسب"))))) -> 0 | Y21: =IF(I21>=90,"امتياز",IF(I21>=80,"جـيد جدا",IF(I21>=70,"جـيد",IF(I21>=60,"متوسط",IF(I21>=50,"مقبول","راسب"))))) -> 0 | Z21: =IF(J21>=90,"امتياز",IF(J21>=80,"جـيد جدا",IF(J21>=70,"جـيد",IF(J21>=60,"متوسط",IF(J21>=50,"مقبول","راسب"))))) -> 0 | AA21: =IF(K21>=90,"امتياز",IF(K21>=80,"جـيد جدا",IF(K21>=70,"جـيد",IF(K21>=60,"متوسط",IF(K21>=50,"مقبول","راسب"))))) -> 0 | ... AD21: =IF(N21>=90,"امتياز",IF(N21>=80,"جـيد جدا",IF(N21>=70,"جـيد",IF(N21>=60,"متوسط",IF(N21>=50,"مقبول","راسب"))))) -> 0 | AE21: =MasterSheet!AA69 -> 0 | AF21: =MasterSheet!AB69 -> 0 | AG21: =MasterSheet!AC69 -> 0 | AL21: =IF(D21 >=50,"P","F") -> 0 | AM21: =IF(E21 >=50,"P","F") -> 0 | AN21: =IF(F21 >=50,"P","F") -> 0 | AO21: =IF(G21 >=50,"P","F") -> 0 | AP21: =IF(H21 >=50,"P","F") -> 0 | AQ21: =IF(I21 >=50,"P","F") -> 0 | AR21: =IF(J21 >=50,"P","F") -> 0 | AS21: =IF(K21 >=50,"P","F") -> 0 | ... AV21: =IF(N21 >=50,"P","F") -> 0 | AW21: =IF(AND(N21>=50,N21>=50,F21>=50,G21>=50,H21>=50,I21>=50,J21>=50,K21>=50,L21>=50,M21>=50),"P","F") -> 0
A22: =MasterSheet!B72 -> 0 | B22: =MasterSheet!C72 -> 0 | C22: =MasterSheet!D72 -> 0 | D22: =MasterSheet!E72 -> 0 | E22: =MasterSheet!G72 -> 0 | F22: =MasterSheet!I72 -> 0 | G22: =MasterSheet!K72 -> 0 | H22: =MasterSheet!M72 -> 0 | I22: =MasterSheet!O72 -> 0 | J22: =MasterSheet!Q72 -> 0 | K22: =MasterSheet!S72 -> 0 | L22: =MasterSheet!U72 -> 0 | M22: =MasterSheet!W72 -> 0 | N22: =MasterSheet!Y72 -> 0 | O22: =MasterSheet!AA72 -> 0 | P22: =MasterSheet!AB72 -> 0 | Q22: =MasterSheet!AC72 -> 0 | R22: =A22 -> 0 | S22: =B22 -> 0 | T22: =IF(D22>=90,"امتياز",IF(D22>=80,"جـيد جدا",IF(D22>=70,"جـيد",IF(D22>=60,"متوسط",IF(D22>=50,"مقبول","راسب"))))) -> 0 | U22: =IF(E22>=90,"امتياز",IF(E22>=80,"جـيد جدا",IF(E22>=70,"جـيد",IF(E22>=60,"متوسط",IF(E22>=50,"مقبول","راسب"))))) -> 0 | V22: =IF(F22>=90,"امتياز",IF(F22>=80,"جـيد جدا",IF(F22>=70,"جـيد",IF(F22>=60,"متوسط",IF(F22>=50,"مقبول","راسب"))))) -> 0 | W22: =IF(G22>=90,"امتياز",IF(G22>=80,"جـيد جدا",IF(G22>=70,"جـيد",IF(G22>=60,"متوسط",IF(G22>=50,"مقبول","راسب"))))) -> 0 | X22: =IF(H22>=90,"امتياز",IF(H22>=80,"جـيد جدا",IF(H22>=70,"جـيد",IF(H22>=60,"متوسط",IF(H22>=50,"مقبول","راسب"))))) -> 0 | Y22: =IF(I22>=90,"امتياز",IF(I22>=80,"جـيد جدا",IF(I22>=70,"جـيد",IF(I22>=60,"متوسط",IF(I22>=50,"مقبول","راسب"))))) -> 0 | Z22: =IF(J22>=90,"امتياز",IF(J22>=80,"جـيد جدا",IF(J22>=70,"جـيد",IF(J22>=60,"متوسط",IF(J22>=50,"مقبول","راسب"))))) -> 0 | AA22: =IF(K22>=90,"امتياز",IF(K22>=80,"جـيد جدا",IF(K22>=70,"جـيد",IF(K22>=60,"متوسط",IF(K22>=50,"مقبول","راسب"))))) -> 0 | ... AD22: =IF(N22>=90,"امتياز",IF(N22>=80,"جـيد جدا",IF(N22>=70,"جـيد",IF(N22>=60,"متوسط",IF(N22>=50,"مقبول","راسب"))))) -> 0 | AE22: =MasterSheet!AA72 -> 0 | AF22: =MasterSheet!AB72 -> 0 | AG22: =MasterSheet!AC72 -> 0 | AL22: =IF(D22 >=50,"P","F") -> 0 | AM22: =IF(E22 >=50,"P","F") -> 0 | AN22: =IF(F22 >=50,"P","F") -> 0 | AO22: =IF(G22 >=50,"P","F") -> 0 | AP22: =IF(H22 >=50,"P","F") -> 0 | AQ22: =IF(I22 >=50,"P","F") -> 0 | AR22: =IF(J22 >=50,"P","F") -> 0 | AS22: =IF(K22 >=50,"P","F") -> 0 | ... AV22: =IF(N22 >=50,"P","F") -> 0 | AW22: =IF(AND(N22>=50,N22>=50,F22>=50,G22>=50,H22>=50,I22>=50,J22>=50,K22>=50,L22>=50,M22>=50),"P","F") -> 0
A23: =MasterSheet!B75 -> 0 | B23: =MasterSheet!C75 -> 0 | C23: =MasterSheet!D75 -> 0 | D23: =MasterSheet!E75 -> 0 | E23: =MasterSheet!G75 -> 0 | F23: =MasterSheet!I75 -> 0 | G23: =MasterSheet!K75 -> 0 | H23: =MasterSheet!M75 -> 0 | I23: =MasterSheet!O75 -> 0 | J23: =MasterSheet!Q75 -> 0 | K23: =MasterSheet!S75 -> 0 | L23: =MasterSheet!U75 -> 0 | M23: =MasterSheet!W75 -> 0 | N23: =MasterSheet!Y75 -> 0 | O23: =MasterSheet!AA75 -> 0 | P23: =MasterSheet!AB75 -> 0 | Q23: =MasterSheet!AC75 -> 0 | R23: =A23 -> 0 | S23: =B23 -> 0 | T23: =IF(D23>=90,"امتياز",IF(D23>=80,"جـيد جدا",IF(D23>=70,"جـيد",IF(D23>=60,"متوسط",IF(D23>=50,"مقبول","راسب"))))) -> 0 | U23: =IF(E23>=90,"امتياز",IF(E23>=80,"جـيد جدا",IF(E23>=70,"جـيد",IF(E23>=60,"متوسط",IF(E23>=50,"مقبول","راسب"))))) -> 0 | V23: =IF(F23>=90,"امتياز",IF(F23>=80,"جـيد جدا",IF(F23>=70,"جـيد",IF(F23>=60,"متوسط",IF(F23>=50,"مقبول","راسب"))))) -> 0 | W23: =IF(G23>=90,"امتياز",IF(G23>=80,"جـيد جدا",IF(G23>=70,"جـيد",IF(G23>=60,"متوسط",IF(G23>=50,"مقبول","راسب"))))) -> 0 | X23: =IF(H23>=90,"امتياز",IF(H23>=80,"جـيد جدا",IF(H23>=70,"جـيد",IF(H23>=60,"متوسط",IF(H23>=50,"مقبول","راسب"))))) -> 0 | Y23: =IF(I23>=90,"امتياز",IF(I23>=80,"جـيد جدا",IF(I23>=70,"جـيد",IF(I23>=60,"متوسط",IF(I23>=50,"مقبول","راسب"))))) -> 0 | Z23: =IF(J23>=90,"امتياز",IF(J23>=80,"جـيد جدا",IF(J23>=70,"جـيد",IF(J23>=60,"متوسط",IF(J23>=50,"مقبول","راسب"))))) -> 0 | AA23: =IF(K23>=90,"امتياز",IF(K23>=80,"جـيد جدا",IF(K23>=70,"جـيد",IF(K23>=60,"متوسط",IF(K23>=50,"مقبول","راسب"))))) -> 0 | ... AD23: =IF(N23>=90,"امتياز",IF(N23>=80,"جـيد جدا",IF(N23>=70,"جـيد",IF(N23>=60,"متوسط",IF(N23>=50,"مقبول","راسب"))))) -> 0 | AE23: =MasterSheet!AA75 -> 0 | AF23: =MasterSheet!AB75 -> 0 | AG23: =MasterSheet!AC75 -> 0 | AL23: =IF(D23 >=50,"P","F") -> 0 | AM23: =IF(E23 >=50,"P","F") -> 0 | AN23: =IF(F23 >=50,"P","F") -> 0 | AO23: =IF(G23 >=50,"P","F") -> 0 | AP23: =IF(H23 >=50,"P","F") -> 0 | AQ23: =IF(I23 >=50,"P","F") -> 0 | AR23: =IF(J23 >=50,"P","F") -> 0 | AS23: =IF(K23 >=50,"P","F") -> 0 | ... AV23: =IF(N23 >=50,"P","F") -> 0 | AW23: =IF(AND(N23>=50,N23>=50,F23>=50,G23>=50,H23>=50,I23>=50,J23>=50,K23>=50,L23>=50,M23>=50),"P","F") -> 0
A24: =MasterSheet!B78 -> 0 | B24: =MasterSheet!C78 -> 0 | C24: =MasterSheet!D78 -> 0 | D24: =MasterSheet!E78 -> 0 | E24: =MasterSheet!G78 -> 0 | F24: =MasterSheet!I78 -> 0 | G24: =MasterSheet!K78 -> 0 | H24: =MasterSheet!M78 -> 0 | I24: =MasterSheet!O78 -> 0 | J24: =MasterSheet!Q78 -> 0 | K24: =MasterSheet!S78 -> 0 | L24: =MasterSheet!U78 -> 0 | M24: =MasterSheet!W78 -> 0 | N24: =MasterSheet!Y78 -> 0 | O24: =MasterSheet!AA78 -> 0 | P24: =MasterSheet!AB78 -> 0 | Q24: =MasterSheet!AC78 -> 0 | R24: =A24 -> 0 | S24: =B24 -> 0 | T24: =IF(D24>=90,"امتياز",IF(D24>=80,"جـيد جدا",IF(D24>=70,"جـيد",IF(D24>=60,"متوسط",IF(D24>=50,"مقبول","راسب"))))) -> 0 | U24: =IF(E24>=90,"امتياز",IF(E24>=80,"جـيد جدا",IF(E24>=70,"جـيد",IF(E24>=60,"متوسط",IF(E24>=50,"مقبول","راسب"))))) -> 0 | V24: =IF(F24>=90,"امتياز",IF(F24>=80,"جـيد جدا",IF(F24>=70,"جـيد",IF(F24>=60,"متوسط",IF(F24>=50,"مقبول","راسب"))))) -> 0 | W24: =IF(G24>=90,"امتياز",IF(G24>=80,"جـيد جدا",IF(G24>=70,"جـيد",IF(G24>=60,"متوسط",IF(G24>=50,"مقبول","راسب"))))) -> 0 | X24: =IF(H24>=90,"امتياز",IF(H24>=80,"جـيد جدا",IF(H24>=70,"جـيد",IF(H24>=60,"متوسط",IF(H24>=50,"مقبول","راسب"))))) -> 0 | Y24: =IF(I24>=90,"امتياز",IF(I24>=80,"جـيد جدا",IF(I24>=70,"جـيد",IF(I24>=60,"متوسط",IF(I24>=50,"مقبول","راسب"))))) -> 0 | Z24: =IF(J24>=90,"امتياز",IF(J24>=80,"جـيد جدا",IF(J24>=70,"جـيد",IF(J24>=60,"متوسط",IF(J24>=50,"مقبول","راسب"))))) -> 0 | AA24: =IF(K24>=90,"امتياز",IF(K24>=80,"جـيد جدا",IF(K24>=70,"جـيد",IF(K24>=60,"متوسط",IF(K24>=50,"مقبول","راسب"))))) -> 0 | ... AD24: =IF(N24>=90,"امتياز",IF(N24>=80,"جـيد جدا",IF(N24>=70,"جـيد",IF(N24>=60,"متوسط",IF(N24>=50,"مقبول","راسب"))))) -> 0 | AE24: =MasterSheet!AA78 -> 0 | AF24: =MasterSheet!AB78 -> 0 | AG24: =MasterSheet!AC78 -> 0 | AL24: =IF(D24 >=50,"P","F") -> 0 | AM24: =IF(E24 >=50,"P","F") -> 0 | AN24: =IF(F24 >=50,"P","F") -> 0 | AO24: =IF(G24 >=50,"P","F") -> 0 | AP24: =IF(H24 >=50,"P","F") -> 0 | AQ24: =IF(I24 >=50,"P","F") -> 0 | AR24: =IF(J24 >=50,"P","F") -> 0 | AS24: =IF(K24 >=50,"P","F") -> 0 | ... AV24: =IF(N24 >=50,"P","F") -> 0 | AW24: =IF(AND(N24>=50,N24>=50,F24>=50,G24>=50,H24>=50,I24>=50,J24>=50,K24>=50,L24>=50,M24>=50),"P","F") -> 0
A25: =MasterSheet!B81 -> 0 | B25: =MasterSheet!C81 -> 0 | C25: =MasterSheet!D81 -> 0 | D25: =MasterSheet!E81 -> 0 | E25: =MasterSheet!G81 -> 0 | F25: =MasterSheet!I81 -> 0 | G25: =MasterSheet!K81 -> 0 | H25: =MasterSheet!M81 -> 0 | I25: =MasterSheet!O81 -> 0 | J25: =MasterSheet!Q81 -> 0 | K25: =MasterSheet!S81 -> 0 | L25: =MasterSheet!U81 -> 0 | M25: =MasterSheet!W81 -> 0 | N25: =MasterSheet!Y81 -> 0 | O25: =MasterSheet!AA81 -> 0 | P25: =MasterSheet!AB81 -> 0 | Q25: =MasterSheet!AC81 -> 0 | R25: =A25 -> 0 | S25: =B25 -> 0 | T25: =IF(D25>=90,"امتياز",IF(D25>=80,"جـيد جدا",IF(D25>=70,"جـيد",IF(D25>=60,"متوسط",IF(D25>=50,"مقبول","راسب"))))) -> 0 | U25: =IF(E25>=90,"امتياز",IF(E25>=80,"جـيد جدا",IF(E25>=70,"جـيد",IF(E25>=60,"متوسط",IF(E25>=50,"مقبول","راسب"))))) -> 0 | V25: =IF(F25>=90,"امتياز",IF(F25>=80,"جـيد جدا",IF(F25>=70,"جـيد",IF(F25>=60,"متوسط",IF(F25>=50,"مقبول","راسب"))))) -> 0 | W25: =IF(G25>=90,"امتياز",IF(G25>=80,"جـيد جدا",IF(G25>=70,"جـيد",IF(G25>=60,"متوسط",IF(G25>=50,"مقبول","راسب"))))) -> 0 | X25: =IF(H25>=90,"امتياز",IF(H25>=80,"جـيد جدا",IF(H25>=70,"جـيد",IF(H25>=60,"متوسط",IF(H25>=50,"مقبول","راسب"))))) -> 0 | Y25: =IF(I25>=90,"امتياز",IF(I25>=80,"جـيد جدا",IF(I25>=70,"جـيد",IF(I25>=60,"متوسط",IF(I25>=50,"مقبول","راسب"))))) -> 0 | Z25: =IF(J25>=90,"امتياز",IF(J25>=80,"جـيد جدا",IF(J25>=70,"جـيد",IF(J25>=60,"متوسط",IF(J25>=50,"مقبول","راسب"))))) -> 0 | AA25: =IF(K25>=90,"امتياز",IF(K25>=80,"جـيد جدا",IF(K25>=70,"جـيد",IF(K25>=60,"متوسط",IF(K25>=50,"مقبول","راسب"))))) -> 0 | ... AD25: =IF(N25>=90,"امتياز",IF(N25>=80,"جـيد جدا",IF(N25>=70,"جـيد",IF(N25>=60,"متوسط",IF(N25>=50,"مقبول","راسب"))))) -> 0 | AE25: =MasterSheet!AA81 -> 0 | AF25: =MasterSheet!AB81 -> 0 | AG25: =MasterSheet!AC81 -> 0 | AL25: =IF(D25 >=50,"P","F") -> 0 | AM25: =IF(E25 >=50,"P","F") -> 0 | AN25: =IF(F25 >=50,"P","F") -> 0 | AO25: =IF(G25 >=50,"P","F") -> 0 | AP25: =IF(H25 >=50,"P","F") -> 0 | AQ25: =IF(I25 >=50,"P","F") -> 0 | AR25: =IF(J25 >=50,"P","F") -> 0 | AS25: =IF(K25 >=50,"P","F") -> 0 | ... AV25: =IF(N25 >=50,"P","F") -> 0 | AW25: =IF(AND(N25>=50,N25>=50,F25>=50,G25>=50,H25>=50,I25>=50,J25>=50,K25>=50,L25>=50,M25>=50),"P","F") -> 0
A26: =MasterSheet!B84 -> 0 | B26: =MasterSheet!C84 -> 0 | C26: =MasterSheet!D84 -> 0 | D26: =MasterSheet!E84 -> 0 | E26: =MasterSheet!G84 -> 0 | F26: =MasterSheet!I84 -> 0 | G26: =MasterSheet!K84 -> 0 | H26: =MasterSheet!M84 -> 0 | I26: =MasterSheet!O84 -> 0 | J26: =MasterSheet!Q84 -> 0 | K26: =MasterSheet!S84 -> 0 | L26: =MasterSheet!U84 -> 0 | M26: =MasterSheet!W84 -> 0 | N26: =MasterSheet!Y84 -> 0 | O26: =MasterSheet!AA84 -> 0 | P26: =MasterSheet!AB84 -> 0 | Q26: =MasterSheet!AC84 -> 0 | R26: =A26 -> 0 | S26: =B26 -> 0 | T26: =IF(D26>=90,"امتياز",IF(D26>=80,"جـيد جدا",IF(D26>=70,"جـيد",IF(D26>=60,"متوسط",IF(D26>=50,"مقبول","راسب"))))) -> 0 | U26: =IF(E26>=90,"امتياز",IF(E26>=80,"جـيد جدا",IF(E26>=70,"جـيد",IF(E26>=60,"متوسط",IF(E26>=50,"مقبول","راسب"))))) -> 0 | V26: =IF(F26>=90,"امتياز",IF(F26>=80,"جـيد جدا",IF(F26>=70,"جـيد",IF(F26>=60,"متوسط",IF(F26>=50,"مقبول","راسب"))))) -> 0 | W26: =IF(G26>=90,"امتياز",IF(G26>=80,"جـيد جدا",IF(G26>=70,"جـيد",IF(G26>=60,"متوسط",IF(G26>=50,"مقبول","راسب"))))) -> 0 | X26: =IF(H26>=90,"امتياز",IF(H26>=80,"جـيد جدا",IF(H26>=70,"جـيد",IF(H26>=60,"متوسط",IF(H26>=50,"مقبول","راسب"))))) -> 0 | Y26: =IF(I26>=90,"امتياز",IF(I26>=80,"جـيد جدا",IF(I26>=70,"جـيد",IF(I26>=60,"متوسط",IF(I26>=50,"مقبول","راسب"))))) -> 0 | Z26: =IF(J26>=90,"امتياز",IF(J26>=80,"جـيد جدا",IF(J26>=70,"جـيد",IF(J26>=60,"متوسط",IF(J26>=50,"مقبول","راسب"))))) -> 0 | AA26: =IF(K26>=90,"امتياز",IF(K26>=80,"جـيد جدا",IF(K26>=70,"جـيد",IF(K26>=60,"متوسط",IF(K26>=50,"مقبول","راسب"))))) -> 0 | ... AD26: =IF(N26>=90,"امتياز",IF(N26>=80,"جـيد جدا",IF(N26>=70,"جـيد",IF(N26>=60,"متوسط",IF(N26>=50,"مقبول","راسب"))))) -> 0 | AE26: =MasterSheet!AA84 -> 0 | AF26: =MasterSheet!AB84 -> 0 | AG26: =MasterSheet!AC84 -> 0 | AL26: =IF(D26 >=50,"P","F") -> 0 | AM26: =IF(E26 >=50,"P","F") -> 0 | AN26: =IF(F26 >=50,"P","F") -> 0 | AO26: =IF(G26 >=50,"P","F") -> 0 | AP26: =IF(H26 >=50,"P","F") -> 0 | AQ26: =IF(I26 >=50,"P","F") -> 0 | AR26: =IF(J26 >=50,"P","F") -> 0 | AS26: =IF(K26 >=50,"P","F") -> 0 | ... AV26: =IF(N26 >=50,"P","F") -> 0 | AW26: =IF(AND(N26>=50,N26>=50,F26>=50,G26>=50,H26>=50,I26>=50,J26>=50,K26>=50,L26>=50,M26>=50),"P","F") -> 0
A27: =MasterSheet!B107 -> 0 | B27: =MasterSheet!C107 -> 0 | C27: =MasterSheet!D107 -> 0 | D27: =MasterSheet!E107 -> 0 | E27: =MasterSheet!G107 -> 0 | F27: =MasterSheet!I107 -> 0 | G27: =MasterSheet!K107 -> 0 | H27: =MasterSheet!M107 -> 0 | I27: =MasterSheet!O107 -> 0 | J27: =MasterSheet!Q107 -> 0 | K27: =MasterSheet!S107 -> 0 | L27: =MasterSheet!U107 -> 0 | M27: =MasterSheet!W107 -> 0 | N27: =MasterSheet!Y107 -> 0 | O27: =MasterSheet!AA107 -> 0 | P27: =MasterSheet!AB107 -> 0 | Q27: =MasterSheet!AC107 -> 0 | R27: =A27 -> 0 | S27: =B27 -> 0 | T27: =IF(D27>=90,"امتياز",IF(D27>=80,"جـيد جدا",IF(D27>=70,"جـيد",IF(D27>=60,"متوسط",IF(D27>=50,"مقبول","راسب"))))) -> 0 | U27: =IF(E27>=90,"امتياز",IF(E27>=80,"جـيد جدا",IF(E27>=70,"جـيد",IF(E27>=60,"متوسط",IF(E27>=50,"مقبول","راسب"))))) -> 0 | V27: =IF(F27>=90,"امتياز",IF(F27>=80,"جـيد جدا",IF(F27>=70,"جـيد",IF(F27>=60,"متوسط",IF(F27>=50,"مقبول","راسب"))))) -> 0 | W27: =IF(G27>=90,"امتياز",IF(G27>=80,"جـيد جدا",IF(G27>=70,"جـيد",IF(G27>=60,"متوسط",IF(G27>=50,"مقبول","راسب"))))) -> 0 | X27: =IF(H27>=90,"امتياز",IF(H27>=80,"جـيد جدا",IF(H27>=70,"جـيد",IF(H27>=60,"متوسط",IF(H27>=50,"مقبول","راسب"))))) -> 0 | Y27: =IF(I27>=90,"امتياز",IF(I27>=80,"جـيد جدا",IF(I27>=70,"جـيد",IF(I27>=60,"متوسط",IF(I27>=50,"مقبول","راسب"))))) -> 0 | Z27: =IF(J27>=90,"امتياز",IF(J27>=80,"جـيد جدا",IF(J27>=70,"جـيد",IF(J27>=60,"متوسط",IF(J27>=50,"مقبول","راسب"))))) -> 0 | AA27: =IF(K27>=90,"امتياز",IF(K27>=80,"جـيد جدا",IF(K27>=70,"جـيد",IF(K27>=60,"متوسط",IF(K27>=50,"مقبول","راسب"))))) -> 0 | ... AD27: =IF(N27>=90,"امتياز",IF(N27>=80,"جـيد جدا",IF(N27>=70,"جـيد",IF(N27>=60,"متوسط",IF(N27>=50,"مقبول","راسب"))))) -> 0 | AE27: =MasterSheet!AA107 -> 0 | AF27: =MasterSheet!AB107 -> 0 | AG27: =MasterSheet!AC107 -> 0 | AL27: =IF(D27 >=50,"P","F") -> 0 | AM27: =IF(E27 >=50,"P","F") -> 0 | AN27: =IF(F27 >=50,"P","F") -> 0 | AO27: =IF(G27 >=50,"P","F") -> 0 | AP27: =IF(H27 >=50,"P","F") -> 0 | AQ27: =IF(I27 >=50,"P","F") -> 0 | AR27: =IF(J27 >=50,"P","F") -> 0 | AS27: =IF(K27 >=50,"P","F") -> 0 | ... AV27: =IF(N27 >=50,"P","F") -> 0 | AW27: =IF(AND(N27>=50,N27>=50,F27>=50,G27>=50,H27>=50,I27>=50,J27>=50,K27>=50,L27>=50,M27>=50),"P","F") -> 0
A28: =MasterSheet!B110 -> 0 | B28: =MasterSheet!C110 -> 0 | C28: =MasterSheet!D110 -> 0 | D28: =MasterSheet!E110 -> 0 | E28: =MasterSheet!G110 -> 0 | F28: =MasterSheet!I110 -> 0 | G28: =MasterSheet!K110 -> 0 | H28: =MasterSheet!M110 -> 0 | I28: =MasterSheet!O110 -> 0 | J28: =MasterSheet!Q110 -> 0 | K28: =MasterSheet!S110 -> 0 | L28: =MasterSheet!U110 -> 0 | M28: =MasterSheet!W110 -> 0 | N28: =MasterSheet!Y110 -> 0 | O28: =MasterSheet!AA110 -> 0 | P28: =MasterSheet!AB110 -> 0 | Q28: =MasterSheet!AC110 -> 0 | R28: =A28 -> 0 | S28: =B28 -> 0 | T28: =IF(D28>=90,"امتياز",IF(D28>=80,"جـيد جدا",IF(D28>=70,"جـيد",IF(D28>=60,"متوسط",IF(D28>=50,"مقبول","راسب"))))) -> 0 | U28: =IF(E28>=90,"امتياز",IF(E28>=80,"جـيد جدا",IF(E28>=70,"جـيد",IF(E28>=60,"متوسط",IF(E28>=50,"مقبول","راسب"))))) -> 0 | V28: =IF(F28>=90,"امتياز",IF(F28>=80,"جـيد جدا",IF(F28>=70,"جـيد",IF(F28>=60,"متوسط",IF(F28>=50,"مقبول","راسب"))))) -> 0 | W28: =IF(G28>=90,"امتياز",IF(G28>=80,"جـيد جدا",IF(G28>=70,"جـيد",IF(G28>=60,"متوسط",IF(G28>=50,"مقبول","راسب"))))) -> 0 | X28: =IF(H28>=90,"امتياز",IF(H28>=80,"جـيد جدا",IF(H28>=70,"جـيد",IF(H28>=60,"متوسط",IF(H28>=50,"مقبول","راسب"))))) -> 0 | Y28: =IF(I28>=90,"امتياز",IF(I28>=80,"جـيد جدا",IF(I28>=70,"جـيد",IF(I28>=60,"متوسط",IF(I28>=50,"مقبول","راسب"))))) -> 0 | Z28: =IF(J28>=90,"امتياز",IF(J28>=80,"جـيد جدا",IF(J28>=70,"جـيد",IF(J28>=60,"متوسط",IF(J28>=50,"مقبول","راسب"))))) -> 0 | AA28: =IF(K28>=90,"امتياز",IF(K28>=80,"جـيد جدا",IF(K28>=70,"جـيد",IF(K28>=60,"متوسط",IF(K28>=50,"مقبول","راسب"))))) -> 0 | ... AD28: =IF(N28>=90,"امتياز",IF(N28>=80,"جـيد جدا",IF(N28>=70,"جـيد",IF(N28>=60,"متوسط",IF(N28>=50,"مقبول","راسب"))))) -> 0 | AE28: =MasterSheet!AA110 -> 0 | AF28: =MasterSheet!AB110 -> 0 | AG28: =MasterSheet!AC110 -> 0 | AL28: =IF(D28 >=50,"P","F") -> 0 | AM28: =IF(E28 >=50,"P","F") -> 0 | AN28: =IF(F28 >=50,"P","F") -> 0 | AO28: =IF(G28 >=50,"P","F") -> 0 | AP28: =IF(H28 >=50,"P","F") -> 0 | AQ28: =IF(I28 >=50,"P","F") -> 0 | AR28: =IF(J28 >=50,"P","F") -> 0 | AS28: =IF(K28 >=50,"P","F") -> 0 | ... AV28: =IF(N28 >=50,"P","F") -> 0 | AW28: =IF(AND(N28>=50,N28>=50,F28>=50,G28>=50,H28>=50,I28>=50,J28>=50,K28>=50,L28>=50,M28>=50),"P","F") -> 0
A29: =MasterSheet!B113 -> 0 | B29: =MasterSheet!C113 -> 0 | C29: =MasterSheet!D113 -> 0 | D29: =MasterSheet!E113 -> 0 | E29: =MasterSheet!G113 -> 0 | F29: =MasterSheet!I113 -> 0 | G29: =MasterSheet!K113 -> 0 | H29: =MasterSheet!M113 -> 0 | I29: =MasterSheet!O113 -> 0 | J29: =MasterSheet!Q113 -> 0 | K29: =MasterSheet!S113 -> 0 | L29: =MasterSheet!U113 -> 0 | M29: =MasterSheet!W113 -> 0 | N29: =MasterSheet!Y113 -> 0 | O29: =MasterSheet!AA113 -> 0 | P29: =MasterSheet!AB113 -> 0 | Q29: =MasterSheet!AC113 -> 0 | R29: =A29 -> 0 | S29: =B29 -> 0 | T29: =IF(D29>=90,"امتياز",IF(D29>=80,"جـيد جدا",IF(D29>=70,"جـيد",IF(D29>=60,"متوسط",IF(D29>=50,"مقبول","راسب"))))) -> 0 | U29: =IF(E29>=90,"امتياز",IF(E29>=80,"جـيد جدا",IF(E29>=70,"جـيد",IF(E29>=60,"متوسط",IF(E29>=50,"مقبول","راسب"))))) -> 0 | V29: =IF(F29>=90,"امتياز",IF(F29>=80,"جـيد جدا",IF(F29>=70,"جـيد",IF(F29>=60,"متوسط",IF(F29>=50,"مقبول","راسب"))))) -> 0 | W29: =IF(G29>=90,"امتياز",IF(G29>=80,"جـيد جدا",IF(G29>=70,"جـيد",IF(G29>=60,"متوسط",IF(G29>=50,"مقبول","راسب"))))) -> 0 | X29: =IF(H29>=90,"امتياز",IF(H29>=80,"جـيد جدا",IF(H29>=70,"جـيد",IF(H29>=60,"متوسط",IF(H29>=50,"مقبول","راسب"))))) -> 0 | Y29: =IF(I29>=90,"امتياز",IF(I29>=80,"جـيد جدا",IF(I29>=70,"جـيد",IF(I29>=60,"متوسط",IF(I29>=50,"مقبول","راسب"))))) -> 0 | Z29: =IF(J29>=90,"امتياز",IF(J29>=80,"جـيد جدا",IF(J29>=70,"جـيد",IF(J29>=60,"متوسط",IF(J29>=50,"مقبول","راسب"))))) -> 0 | AA29: =IF(K29>=90,"امتياز",IF(K29>=80,"جـيد جدا",IF(K29>=70,"جـيد",IF(K29>=60,"متوسط",IF(K29>=50,"مقبول","راسب"))))) -> 0 | ... AD29: =IF(N29>=90,"امتياز",IF(N29>=80,"جـيد جدا",IF(N29>=70,"جـيد",IF(N29>=60,"متوسط",IF(N29>=50,"مقبول","راسب"))))) -> 0 | AE29: =MasterSheet!AA113 -> 0 | AF29: =MasterSheet!AB113 -> 0 | AG29: =MasterSheet!AC113 -> 0 | AL29: =IF(D29 >=50,"P","F") -> 0 | AM29: =IF(E29 >=50,"P","F") -> 0 | AN29: =IF(F29 >=50,"P","F") -> 0 | AO29: =IF(G29 >=50,"P","F") -> 0 | AP29: =IF(H29 >=50,"P","F") -> 0 | AQ29: =IF(I29 >=50,"P","F") -> 0 | AR29: =IF(J29 >=50,"P","F") -> 0 | AS29: =IF(K29 >=50,"P","F") -> 0 | ... AV29: =IF(N29 >=50,"P","F") -> 0 | AW29: =IF(AND(N29>=50,N29>=50,F29>=50,G29>=50,H29>=50,I29>=50,J29>=50,K29>=50,L29>=50,M29>=50),"P","F") -> 0
A30: =MasterSheet!B116 -> 0 | B30: =MasterSheet!C116 -> 0 | C30: =MasterSheet!D116 -> 0 | D30: =MasterSheet!E116 -> 0 | E30: =MasterSheet!G116 -> 0 | F30: =MasterSheet!I116 -> 0 | G30: =MasterSheet!K116 -> 0 | H30: =MasterSheet!M116 -> 0 | I30: =MasterSheet!O116 -> 0 | J30: =MasterSheet!Q116 -> 0 | K30: =MasterSheet!S116 -> 0 | L30: =MasterSheet!U116 -> 0 | M30: =MasterSheet!W116 -> 0 | N30: =MasterSheet!Y116 -> 0 | O30: =MasterSheet!AA116 -> 0 | P30: =MasterSheet!AB116 -> 0 | Q30: =MasterSheet!AC116 -> 0 | R30: =A30 -> 0 | S30: =B30 -> 0 | T30: =IF(D30>=90,"امتياز",IF(D30>=80,"جـيد جدا",IF(D30>=70,"جـيد",IF(D30>=60,"متوسط",IF(D30>=50,"مقبول","راسب"))))) -> 0 | U30: =IF(E30>=90,"امتياز",IF(E30>=80,"جـيد جدا",IF(E30>=70,"جـيد",IF(E30>=60,"متوسط",IF(E30>=50,"مقبول","راسب"))))) -> 0 | V30: =IF(F30>=90,"امتياز",IF(F30>=80,"جـيد جدا",IF(F30>=70,"جـيد",IF(F30>=60,"متوسط",IF(F30>=50,"مقبول","راسب"))))) -> 0 | W30: =IF(G30>=90,"امتياز",IF(G30>=80,"جـيد جدا",IF(G30>=70,"جـيد",IF(G30>=60,"متوسط",IF(G30>=50,"مقبول","راسب"))))) -> 0 | X30: =IF(H30>=90,"امتياز",IF(H30>=80,"جـيد جدا",IF(H30>=70,"جـيد",IF(H30>=60,"متوسط",IF(H30>=50,"مقبول","راسب"))))) -> 0 | Y30: =IF(I30>=90,"امتياز",IF(I30>=80,"جـيد جدا",IF(I30>=70,"جـيد",IF(I30>=60,"متوسط",IF(I30>=50,"مقبول","راسب"))))) -> 0 | Z30: =IF(J30>=90,"امتياز",IF(J30>=80,"جـيد جدا",IF(J30>=70,"جـيد",IF(J30>=60,"متوسط",IF(J30>=50,"مقبول","راسب"))))) -> 0 | AA30: =IF(K30>=90,"امتياز",IF(K30>=80,"جـيد جدا",IF(K30>=70,"جـيد",IF(K30>=60,"متوسط",IF(K30>=50,"مقبول","راسب"))))) -> 0 | ... AD30: =IF(N30>=90,"امتياز",IF(N30>=80,"جـيد جدا",IF(N30>=70,"جـيد",IF(N30>=60,"متوسط",IF(N30>=50,"مقبول","راسب"))))) -> 0 | AE30: =MasterSheet!AA116 -> 0 | AF30: =MasterSheet!AB116 -> 0 | AG30: =MasterSheet!AC116 -> 0 | AL30: =IF(D30 >=50,"P","F") -> 0 | AM30: =IF(E30 >=50,"P","F") -> 0 | AN30: =IF(F30 >=50,"P","F") -> 0 | AO30: =IF(G30 >=50,"P","F") -> 0 | AP30: =IF(H30 >=50,"P","F") -> 0 | AQ30: =IF(I30 >=50,"P","F") -> 0 | AR30: =IF(J30 >=50,"P","F") -> 0 | AS30: =IF(K30 >=50,"P","F") -> 0 | ... AV30: =IF(N30 >=50,"P","F") -> 0 | AW30: =IF(AND(N30>=50,N30>=50,F30>=50,G30>=50,H30>=50,I30>=50,J30>=50,K30>=50,L30>=50,M30>=50),"P","F") -> 0
A31: =MasterSheet!B119 -> 0 | B31: =MasterSheet!C119 -> 0 | C31: =MasterSheet!D119 -> 0 | D31: =MasterSheet!E119 -> 0 | E31: =MasterSheet!G119 -> 0 | F31: =MasterSheet!I119 -> 0 | G31: =MasterSheet!K119 -> 0 | H31: =MasterSheet!M119 -> 0 | I31: =MasterSheet!O119 -> 0 | J31: =MasterSheet!Q119 -> 0 | K31: =MasterSheet!S119 -> 0 | L31: =MasterSheet!U119 -> 0 | M31: =MasterSheet!W119 -> 0 | N31: =MasterSheet!Y119 -> 0 | O31: =MasterSheet!AA119 -> 0 | P31: =MasterSheet!AB119 -> 0 | Q31: =MasterSheet!AC119 -> 0 | R31: =A31 -> 0 | S31: =B31 -> 0 | T31: =IF(D31>=90,"امتياز",IF(D31>=80,"جـيد جدا",IF(D31>=70,"جـيد",IF(D31>=60,"متوسط",IF(D31>=50,"مقبول","راسب"))))) -> 0 | U31: =IF(E31>=90,"امتياز",IF(E31>=80,"جـيد جدا",IF(E31>=70,"جـيد",IF(E31>=60,"متوسط",IF(E31>=50,"مقبول","راسب"))))) -> 0 | V31: =IF(F31>=90,"امتياز",IF(F31>=80,"جـيد جدا",IF(F31>=70,"جـيد",IF(F31>=60,"متوسط",IF(F31>=50,"مقبول","راسب"))))) -> 0 | W31: =IF(G31>=90,"امتياز",IF(G31>=80,"جـيد جدا",IF(G31>=70,"جـيد",IF(G31>=60,"متوسط",IF(G31>=50,"مقبول","راسب"))))) -> 0 | X31: =IF(H31>=90,"امتياز",IF(H31>=80,"جـيد جدا",IF(H31>=70,"جـيد",IF(H31>=60,"متوسط",IF(H31>=50,"مقبول","راسب"))))) -> 0 | Y31: =IF(I31>=90,"امتياز",IF(I31>=80,"جـيد جدا",IF(I31>=70,"جـيد",IF(I31>=60,"متوسط",IF(I31>=50,"مقبول","راسب"))))) -> 0 | Z31: =IF(J31>=90,"امتياز",IF(J31>=80,"جـيد جدا",IF(J31>=70,"جـيد",IF(J31>=60,"متوسط",IF(J31>=50,"مقبول","راسب"))))) -> 0 | AA31: =IF(K31>=90,"امتياز",IF(K31>=80,"جـيد جدا",IF(K31>=70,"جـيد",IF(K31>=60,"متوسط",IF(K31>=50,"مقبول","راسب"))))) -> 0 | ... AD31: =IF(N31>=90,"امتياز",IF(N31>=80,"جـيد جدا",IF(N31>=70,"جـيد",IF(N31>=60,"متوسط",IF(N31>=50,"مقبول","راسب"))))) -> 0 | AE31: =MasterSheet!AA119 -> 0 | AF31: =MasterSheet!AB119 -> 0 | AG31: =MasterSheet!AC119 -> 0 | AL31: =IF(D31 >=50,"P","F") -> 0 | AM31: =IF(E31 >=50,"P","F") -> 0 | AN31: =IF(F31 >=50,"P","F") -> 0 | AO31: =IF(G31 >=50,"P","F") -> 0 | AP31: =IF(H31 >=50,"P","F") -> 0 | AQ31: =IF(I31 >=50,"P","F") -> 0 | AR31: =IF(J31 >=50,"P","F") -> 0 | AS31: =IF(K31 >=50,"P","F") -> 0 | ... AV31: =IF(N31 >=50,"P","F") -> 0 | AW31: =IF(AND(N31>=50,N31>=50,F31>=50,G31>=50,H31>=50,I31>=50,J31>=50,K31>=50,L31>=50,M31>=50),"P","F") -> 0
A32: =MasterSheet!B122 -> 0 | B32: =MasterSheet!C122 -> 0 | C32: =MasterSheet!D122 -> 0 | D32: =MasterSheet!E122 -> 0 | E32: =MasterSheet!G122 -> 0 | F32: =MasterSheet!I122 -> 0 | G32: =MasterSheet!K122 -> 0 | H32: =MasterSheet!M122 -> 0 | I32: =MasterSheet!O122 -> 0 | J32: =MasterSheet!Q122 -> 0 | K32: =MasterSheet!S122 -> 0 | L32: =MasterSheet!U122 -> 0 | M32: =MasterSheet!W122 -> 0 | N32: =MasterSheet!Y122 -> 0 | O32: =MasterSheet!AA122 -> 0 | P32: =MasterSheet!AB122 -> 0 | Q32: =MasterSheet!AC122 -> 0 | R32: =A32 -> 0 | S32: =B32 -> 0 | T32: =IF(D32>=90,"امتياز",IF(D32>=80,"جـيد جدا",IF(D32>=70,"جـيد",IF(D32>=60,"متوسط",IF(D32>=50,"مقبول","راسب"))))) -> 0 | U32: =IF(E32>=90,"امتياز",IF(E32>=80,"جـيد جدا",IF(E32>=70,"جـيد",IF(E32>=60,"متوسط",IF(E32>=50,"مقبول","راسب"))))) -> 0 | V32: =IF(F32>=90,"امتياز",IF(F32>=80,"جـيد جدا",IF(F32>=70,"جـيد",IF(F32>=60,"متوسط",IF(F32>=50,"مقبول","راسب"))))) -> 0 | W32: =IF(G32>=90,"امتياز",IF(G32>=80,"جـيد جدا",IF(G32>=70,"جـيد",IF(G32>=60,"متوسط",IF(G32>=50,"مقبول","راسب"))))) -> 0 | X32: =IF(H32>=90,"امتياز",IF(H32>=80,"جـيد جدا",IF(H32>=70,"جـيد",IF(H32>=60,"متوسط",IF(H32>=50,"مقبول","راسب"))))) -> 0 | Y32: =IF(I32>=90,"امتياز",IF(I32>=80,"جـيد جدا",IF(I32>=70,"جـيد",IF(I32>=60,"متوسط",IF(I32>=50,"مقبول","راسب"))))) -> 0 | Z32: =IF(J32>=90,"امتياز",IF(J32>=80,"جـيد جدا",IF(J32>=70,"جـيد",IF(J32>=60,"متوسط",IF(J32>=50,"مقبول","راسب"))))) -> 0 | AA32: =IF(K32>=90,"امتياز",IF(K32>=80,"جـيد جدا",IF(K32>=70,"جـيد",IF(K32>=60,"متوسط",IF(K32>=50,"مقبول","راسب"))))) -> 0 | ... AD32: =IF(N32>=90,"امتياز",IF(N32>=80,"جـيد جدا",IF(N32>=70,"جـيد",IF(N32>=60,"متوسط",IF(N32>=50,"مقبول","راسب"))))) -> 0 | AE32: =MasterSheet!AA122 -> 0 | AF32: =MasterSheet!AB122 -> 0 | AG32: =MasterSheet!AC122 -> 0 | AL32: =IF(D32 >=50,"P","F") -> 0 | AM32: =IF(E32 >=50,"P","F") -> 0 | AN32: =IF(F32 >=50,"P","F") -> 0 | AO32: =IF(G32 >=50,"P","F") -> 0 | AP32: =IF(H32 >=50,"P","F") -> 0 | AQ32: =IF(I32 >=50,"P","F") -> 0 | AR32: =IF(J32 >=50,"P","F") -> 0 | AS32: =IF(K32 >=50,"P","F") -> 0 | ... AV32: =IF(N32 >=50,"P","F") -> 0 | AW32: =IF(AND(N32>=50,N32>=50,F32>=50,G32>=50,H32>=50,I32>=50,J32>=50,K32>=50,L32>=50,M32>=50),"P","F") -> 0
A33: =MasterSheet!B125 -> 0 | B33: =MasterSheet!C125 -> 0 | C33: =MasterSheet!D125 -> 0 | D33: =MasterSheet!E125 -> 0 | E33: =MasterSheet!G125 -> 0 | F33: =MasterSheet!I125 -> 0 | G33: =MasterSheet!K125 -> 0 | H33: =MasterSheet!M125 -> 0 | I33: =MasterSheet!O125 -> 0 | J33: =MasterSheet!Q125 -> 0 | K33: =MasterSheet!S125 -> 0 | L33: =MasterSheet!U125 -> 0 | M33: =MasterSheet!W125 -> 0 | N33: =MasterSheet!Y125 -> 0 | O33: =MasterSheet!AA125 -> 0 | P33: =MasterSheet!AB125 -> 0 | Q33: =MasterSheet!AC125 -> 0 | R33: =A33 -> 0 | S33: =B33 -> 0 | T33: =IF(D33>=90,"امتياز",IF(D33>=80,"جـيد جدا",IF(D33>=70,"جـيد",IF(D33>=60,"متوسط",IF(D33>=50,"مقبول","راسب"))))) -> 0 | U33: =IF(E33>=90,"امتياز",IF(E33>=80,"جـيد جدا",IF(E33>=70,"جـيد",IF(E33>=60,"متوسط",IF(E33>=50,"مقبول","راسب"))))) -> 0 | V33: =IF(F33>=90,"امتياز",IF(F33>=80,"جـيد جدا",IF(F33>=70,"جـيد",IF(F33>=60,"متوسط",IF(F33>=50,"مقبول","راسب"))))) -> 0 | W33: =IF(G33>=90,"امتياز",IF(G33>=80,"جـيد جدا",IF(G33>=70,"جـيد",IF(G33>=60,"متوسط",IF(G33>=50,"مقبول","راسب"))))) -> 0 | X33: =IF(H33>=90,"امتياز",IF(H33>=80,"جـيد جدا",IF(H33>=70,"جـيد",IF(H33>=60,"متوسط",IF(H33>=50,"مقبول","راسب"))))) -> 0 | Y33: =IF(I33>=90,"امتياز",IF(I33>=80,"جـيد جدا",IF(I33>=70,"جـيد",IF(I33>=60,"متوسط",IF(I33>=50,"مقبول","راسب"))))) -> 0 | Z33: =IF(J33>=90,"امتياز",IF(J33>=80,"جـيد جدا",IF(J33>=70,"جـيد",IF(J33>=60,"متوسط",IF(J33>=50,"مقبول","راسب"))))) -> 0 | AA33: =IF(K33>=90,"امتياز",IF(K33>=80,"جـيد جدا",IF(K33>=70,"جـيد",IF(K33>=60,"متوسط",IF(K33>=50,"مقبول","راسب"))))) -> 0 | ... AD33: =IF(N33>=90,"امتياز",IF(N33>=80,"جـيد جدا",IF(N33>=70,"جـيد",IF(N33>=60,"متوسط",IF(N33>=50,"مقبول","راسب"))))) -> 0 | AE33: =MasterSheet!AA125 -> 0 | AF33: =MasterSheet!AB125 -> 0 | AG33: =MasterSheet!AC125 -> 0 | AL33: =IF(D33 >=50,"P","F") -> 0 | AM33: =IF(E33 >=50,"P","F") -> 0 | AN33: =IF(F33 >=50,"P","F") -> 0 | AO33: =IF(G33 >=50,"P","F") -> 0 | AP33: =IF(H33 >=50,"P","F") -> 0 | AQ33: =IF(I33 >=50,"P","F") -> 0 | AR33: =IF(J33 >=50,"P","F") -> 0 | AS33: =IF(K33 >=50,"P","F") -> 0 | ... AV33: =IF(N33 >=50,"P","F") -> 0 | AW33: =IF(AND(N33>=50,N33>=50,F33>=50,G33>=50,H33>=50,I33>=50,J33>=50,K33>=50,L33>=50,M33>=50),"P","F") -> 0
A34: =MasterSheet!B128 -> 0 | B34: =MasterSheet!C128 -> 0 | C34: =MasterSheet!D128 -> 0 | D34: =MasterSheet!E128 -> 0 | E34: =MasterSheet!G128 -> 0 | F34: =MasterSheet!I128 -> 0 | G34: =MasterSheet!K128 -> 0 | H34: =MasterSheet!M128 -> 0 | I34: =MasterSheet!O128 -> 0 | J34: =MasterSheet!Q128 -> 0 | K34: =MasterSheet!S128 -> 0 | L34: =MasterSheet!U128 -> 0 | M34: =MasterSheet!W128 -> 0 | N34: =MasterSheet!Y128 -> 0 | O34: =MasterSheet!AA128 -> 0 | P34: =MasterSheet!AB128 -> 0 | Q34: =MasterSheet!AC128 -> 0 | R34: =A34 -> 0 | S34: =B34 -> 0 | T34: =IF(D34>=90,"امتياز",IF(D34>=80,"جـيد جدا",IF(D34>=70,"جـيد",IF(D34>=60,"متوسط",IF(D34>=50,"مقبول","راسب"))))) -> 0 | U34: =IF(E34>=90,"امتياز",IF(E34>=80,"جـيد جدا",IF(E34>=70,"جـيد",IF(E34>=60,"متوسط",IF(E34>=50,"مقبول","راسب"))))) -> 0 | V34: =IF(F34>=90,"امتياز",IF(F34>=80,"جـيد جدا",IF(F34>=70,"جـيد",IF(F34>=60,"متوسط",IF(F34>=50,"مقبول","راسب"))))) -> 0 | W34: =IF(G34>=90,"امتياز",IF(G34>=80,"جـيد جدا",IF(G34>=70,"جـيد",IF(G34>=60,"متوسط",IF(G34>=50,"مقبول","راسب"))))) -> 0 | X34: =IF(H34>=90,"امتياز",IF(H34>=80,"جـيد جدا",IF(H34>=70,"جـيد",IF(H34>=60,"متوسط",IF(H34>=50,"مقبول","راسب"))))) -> 0 | Y34: =IF(I34>=90,"امتياز",IF(I34>=80,"جـيد جدا",IF(I34>=70,"جـيد",IF(I34>=60,"متوسط",IF(I34>=50,"مقبول","راسب"))))) -> 0 | Z34: =IF(J34>=90,"امتياز",IF(J34>=80,"جـيد جدا",IF(J34>=70,"جـيد",IF(J34>=60,"متوسط",IF(J34>=50,"مقبول","راسب"))))) -> 0 | AA34: =IF(K34>=90,"امتياز",IF(K34>=80,"جـيد جدا",IF(K34>=70,"جـيد",IF(K34>=60,"متوسط",IF(K34>=50,"مقبول","راسب"))))) -> 0 | ... AD34: =IF(N34>=90,"امتياز",IF(N34>=80,"جـيد جدا",IF(N34>=70,"جـيد",IF(N34>=60,"متوسط",IF(N34>=50,"مقبول","راسب"))))) -> 0 | AE34: =MasterSheet!AA128 -> 0 | AF34: =MasterSheet!AB128 -> 0 | AG34: =MasterSheet!AC128 -> 0 | AL34: =IF(D34 >=50,"P","F") -> 0 | AM34: =IF(E34 >=50,"P","F") -> 0 | AN34: =IF(F34 >=50,"P","F") -> 0 | AO34: =IF(G34 >=50,"P","F") -> 0 | AP34: =IF(H34 >=50,"P","F") -> 0 | AQ34: =IF(I34 >=50,"P","F") -> 0 | AR34: =IF(J34 >=50,"P","F") -> 0 | AS34: =IF(K34 >=50,"P","F") -> 0 | ... AV34: =IF(N34 >=50,"P","F") -> 0 | AW34: =IF(AND(N34>=50,N34>=50,F34>=50,G34>=50,H34>=50,I34>=50,J34>=50,K34>=50,L34>=50,M34>=50),"P","F") -> 0
A35: =MasterSheet!B131 -> 0 | B35: =MasterSheet!C131 -> 0 | C35: =MasterSheet!D131 -> 0 | D35: =MasterSheet!E131 -> 0 | E35: =MasterSheet!G131 -> 0 | F35: =MasterSheet!I131 -> 0 | G35: =MasterSheet!K131 -> 0 | H35: =MasterSheet!M131 -> 0 | I35: =MasterSheet!O131 -> 0 | J35: =MasterSheet!Q131 -> 0 | K35: =MasterSheet!S131 -> 0 | L35: =MasterSheet!U131 -> 0 | M35: =MasterSheet!W131 -> 0 | N35: =MasterSheet!Y131 -> 0 | O35: =MasterSheet!AA131 -> 0 | P35: =MasterSheet!AB131 -> 0 | Q35: =MasterSheet!AC131 -> 0 | R35: =A35 -> 0 | S35: =B35 -> 0 | T35: =IF(D35>=90,"امتياز",IF(D35>=80,"جـيد جدا",IF(D35>=70,"جـيد",IF(D35>=60,"متوسط",IF(D35>=50,"مقبول","راسب"))))) -> 0 | U35: =IF(E35>=90,"امتياز",IF(E35>=80,"جـيد جدا",IF(E35>=70,"جـيد",IF(E35>=60,"متوسط",IF(E35>=50,"مقبول","راسب"))))) -> 0 | V35: =IF(F35>=90,"امتياز",IF(F35>=80,"جـيد جدا",IF(F35>=70,"جـيد",IF(F35>=60,"متوسط",IF(F35>=50,"مقبول","راسب"))))) -> 0 | W35: =IF(G35>=90,"امتياز",IF(G35>=80,"جـيد جدا",IF(G35>=70,"جـيد",IF(G35>=60,"متوسط",IF(G35>=50,"مقبول","راسب"))))) -> 0 | X35: =IF(H35>=90,"امتياز",IF(H35>=80,"جـيد جدا",IF(H35>=70,"جـيد",IF(H35>=60,"متوسط",IF(H35>=50,"مقبول","راسب"))))) -> 0 | Y35: =IF(I35>=90,"امتياز",IF(I35>=80,"جـيد جدا",IF(I35>=70,"جـيد",IF(I35>=60,"متوسط",IF(I35>=50,"مقبول","راسب"))))) -> 0 | Z35: =IF(J35>=90,"امتياز",IF(J35>=80,"جـيد جدا",IF(J35>=70,"جـيد",IF(J35>=60,"متوسط",IF(J35>=50,"مقبول","راسب"))))) -> 0 | AA35: =IF(K35>=90,"امتياز",IF(K35>=80,"جـيد جدا",IF(K35>=70,"جـيد",IF(K35>=60,"متوسط",IF(K35>=50,"مقبول","راسب"))))) -> 0 | ... AD35: =IF(N35>=90,"امتياز",IF(N35>=80,"جـيد جدا",IF(N35>=70,"جـيد",IF(N35>=60,"متوسط",IF(N35>=50,"مقبول","راسب"))))) -> 0 | AE35: =MasterSheet!AA131 -> 0 | AF35: =MasterSheet!AB131 -> 0 | AG35: =MasterSheet!AC131 -> 0 | AL35: =IF(D35 >=50,"P","F") -> 0 | AM35: =IF(E35 >=50,"P","F") -> 0 | AN35: =IF(F35 >=50,"P","F") -> 0 | AO35: =IF(G35 >=50,"P","F") -> 0 | AP35: =IF(H35 >=50,"P","F") -> 0 | AQ35: =IF(I35 >=50,"P","F") -> 0 | AR35: =IF(J35 >=50,"P","F") -> 0 | AS35: =IF(K35 >=50,"P","F") -> 0 | ... AV35: =IF(N35 >=50,"P","F") -> 0 | AW35: =IF(AND(N35>=50,N35>=50,F35>=50,G35>=50,H35>=50,I35>=50,J35>=50,K35>=50,L35>=50,M35>=50),"P","F") -> 0
A36: =MasterSheet!B134 -> 0 | B36: =MasterSheet!C134 -> 0 | C36: =MasterSheet!D134 -> 0 | D36: =MasterSheet!E134 -> 0 | E36: =MasterSheet!G134 -> 0 | F36: =MasterSheet!I134 -> 0 | G36: =MasterSheet!K134 -> 0 | H36: =MasterSheet!M134 -> 0 | I36: =MasterSheet!O134 -> 0 | J36: =MasterSheet!Q134 -> 0 | K36: =MasterSheet!S134 -> 0 | L36: =MasterSheet!U134 -> 0 | M36: =MasterSheet!W134 -> 0 | N36: =MasterSheet!Y134 -> 0 | O36: =MasterSheet!AA134 -> 0 | P36: =MasterSheet!AB134 -> 0 | Q36: =MasterSheet!AC134 -> 0 | R36: =A36 -> 0 | S36: =B36 -> 0 | T36: =IF(D36>=90,"امتياز",IF(D36>=80,"جـيد جدا",IF(D36>=70,"جـيد",IF(D36>=60,"متوسط",IF(D36>=50,"مقبول","راسب"))))) -> 0 | U36: =IF(E36>=90,"امتياز",IF(E36>=80,"جـيد جدا",IF(E36>=70,"جـيد",IF(E36>=60,"متوسط",IF(E36>=50,"مقبول","راسب"))))) -> 0 | V36: =IF(F36>=90,"امتياز",IF(F36>=80,"جـيد جدا",IF(F36>=70,"جـيد",IF(F36>=60,"متوسط",IF(F36>=50,"مقبول","راسب"))))) -> 0 | W36: =IF(G36>=90,"امتياز",IF(G36>=80,"جـيد جدا",IF(G36>=70,"جـيد",IF(G36>=60,"متوسط",IF(G36>=50,"مقبول","راسب"))))) -> 0 | X36: =IF(H36>=90,"امتياز",IF(H36>=80,"جـيد جدا",IF(H36>=70,"جـيد",IF(H36>=60,"متوسط",IF(H36>=50,"مقبول","راسب"))))) -> 0 | Y36: =IF(I36>=90,"امتياز",IF(I36>=80,"جـيد جدا",IF(I36>=70,"جـيد",IF(I36>=60,"متوسط",IF(I36>=50,"مقبول","راسب"))))) -> 0 | Z36: =IF(J36>=90,"امتياز",IF(J36>=80,"جـيد جدا",IF(J36>=70,"جـيد",IF(J36>=60,"متوسط",IF(J36>=50,"مقبول","راسب"))))) -> 0 | AA36: =IF(K36>=90,"امتياز",IF(K36>=80,"جـيد جدا",IF(K36>=70,"جـيد",IF(K36>=60,"متوسط",IF(K36>=50,"مقبول","راسب"))))) -> 0 | ... AD36: =IF(N36>=90,"امتياز",IF(N36>=80,"جـيد جدا",IF(N36>=70,"جـيد",IF(N36>=60,"متوسط",IF(N36>=50,"مقبول","راسب"))))) -> 0 | AE36: =MasterSheet!AA134 -> 0 | AF36: =MasterSheet!AB134 -> 0 | AG36: =MasterSheet!AC134 -> 0 | AL36: =IF(D36 >=50,"P","F") -> 0 | AM36: =IF(E36 >=50,"P","F") -> 0 | AN36: =IF(F36 >=50,"P","F") -> 0 | AO36: =IF(G36 >=50,"P","F") -> 0 | AP36: =IF(H36 >=50,"P","F") -> 0 | AQ36: =IF(I36 >=50,"P","F") -> 0 | AR36: =IF(J36 >=50,"P","F") -> 0 | AS36: =IF(K36 >=50,"P","F") -> 0 | ... AV36: =IF(N36 >=50,"P","F") -> 0 | AW36: =IF(AND(N36>=50,N36>=50,F36>=50,G36>=50,H36>=50,I36>=50,J36>=50,K36>=50,L36>=50,M36>=50),"P","F") -> 0
A37: =MasterSheet!B157 -> 0 | B37: =MasterSheet!C157 -> 0 | C37: =MasterSheet!D157 -> 0 | D37: =MasterSheet!E157 -> 0 | E37: =MasterSheet!G157 -> 0 | F37: =MasterSheet!I157 -> 0 | G37: =MasterSheet!K157 -> 0 | H37: =MasterSheet!M157 -> 0 | I37: =MasterSheet!O157 -> 0 | J37: =MasterSheet!Q157 -> 0 | K37: =MasterSheet!S157 -> 0 | L37: =MasterSheet!U157 -> 0 | M37: =MasterSheet!W157 -> 0 | N37: =MasterSheet!Y157 -> 0 | O37: =MasterSheet!AA157 -> 0 | P37: =MasterSheet!AB157 -> 0 | Q37: =MasterSheet!AC157 -> 0 | R37: =A37 -> 0 | S37: =B37 -> 0 | T37: =IF(D37>=90,"امتياز",IF(D37>=80,"جـيد جدا",IF(D37>=70,"جـيد",IF(D37>=60,"متوسط",IF(D37>=50,"مقبول","راسب"))))) -> 0 | U37: =IF(E37>=90,"امتياز",IF(E37>=80,"جـيد جدا",IF(E37>=70,"جـيد",IF(E37>=60,"متوسط",IF(E37>=50,"مقبول","راسب"))))) -> 0 | V37: =IF(F37>=90,"امتياز",IF(F37>=80,"جـيد جدا",IF(F37>=70,"جـيد",IF(F37>=60,"متوسط",IF(F37>=50,"مقبول","راسب"))))) -> 0 | W37: =IF(G37>=90,"امتياز",IF(G37>=80,"جـيد جدا",IF(G37>=70,"جـيد",IF(G37>=60,"متوسط",IF(G37>=50,"مقبول","راسب"))))) -> 0 | X37: =IF(H37>=90,"امتياز",IF(H37>=80,"جـيد جدا",IF(H37>=70,"جـيد",IF(H37>=60,"متوسط",IF(H37>=50,"مقبول","راسب"))))) -> 0 | Y37: =IF(I37>=90,"امتياز",IF(I37>=80,"جـيد جدا",IF(I37>=70,"جـيد",IF(I37>=60,"متوسط",IF(I37>=50,"مقبول","راسب"))))) -> 0 | Z37: =IF(J37>=90,"امتياز",IF(J37>=80,"جـيد جدا",IF(J37>=70,"جـيد",IF(J37>=60,"متوسط",IF(J37>=50,"مقبول","راسب"))))) -> 0 | AA37: =IF(K37>=90,"امتياز",IF(K37>=80,"جـيد جدا",IF(K37>=70,"جـيد",IF(K37>=60,"متوسط",IF(K37>=50,"مقبول","راسب"))))) -> 0 | ... AD37: =IF(N37>=90,"امتياز",IF(N37>=80,"جـيد جدا",IF(N37>=70,"جـيد",IF(N37>=60,"متوسط",IF(N37>=50,"مقبول","راسب"))))) -> 0 | AE37: =MasterSheet!AA157 -> 0 | AF37: =MasterSheet!AB157 -> 0 | AG37: =MasterSheet!AC157 -> 0 | AL37: =IF(D37 >=50,"P","F") -> 0 | AM37: =IF(E37 >=50,"P","F") -> 0 | AN37: =IF(F37 >=50,"P","F") -> 0 | AO37: =IF(G37 >=50,"P","F") -> 0 | AP37: =IF(H37 >=50,"P","F") -> 0 | AQ37: =IF(I37 >=50,"P","F") -> 0 | AR37: =IF(J37 >=50,"P","F") -> 0 | AS37: =IF(K37 >=50,"P","F") -> 0 | ... AV37: =IF(N37 >=50,"P","F") -> 0 | AW37: =IF(AND(N37>=50,N37>=50,F37>=50,G37>=50,H37>=50,I37>=50,J37>=50,K37>=50,L37>=50,M37>=50),"P","F") -> 0
A38: =MasterSheet!B160 -> 0 | B38: =MasterSheet!C160 -> 0 | C38: =MasterSheet!D160 -> 0 | D38: =MasterSheet!E160 -> 0 | E38: =MasterSheet!G160 -> 0 | F38: =MasterSheet!I160 -> 0 | G38: =MasterSheet!K160 -> 0 | H38: =MasterSheet!M160 -> 0 | I38: =MasterSheet!O160 -> 0 | J38: =MasterSheet!Q160 -> 0 | K38: =MasterSheet!S160 -> 0 | L38: =MasterSheet!U160 -> 0 | M38: =MasterSheet!W160 -> 0 | N38: =MasterSheet!Y160 -> 0 | O38: =MasterSheet!AA160 -> 0 | P38: =MasterSheet!AB160 -> 0 | Q38: =MasterSheet!AC160 -> 0 | R38: =A38 -> 0 | S38: =B38 -> 0 | T38: =IF(D38>=90,"امتياز",IF(D38>=80,"جـيد جدا",IF(D38>=70,"جـيد",IF(D38>=60,"متوسط",IF(D38>=50,"مقبول","راسب"))))) -> 0 | U38: =IF(E38>=90,"امتياز",IF(E38>=80,"جـيد جدا",IF(E38>=70,"جـيد",IF(E38>=60,"متوسط",IF(E38>=50,"مقبول","راسب"))))) -> 0 | V38: =IF(F38>=90,"امتياز",IF(F38>=80,"جـيد جدا",IF(F38>=70,"جـيد",IF(F38>=60,"متوسط",IF(F38>=50,"مقبول","راسب"))))) -> 0 | W38: =IF(G38>=90,"امتياز",IF(G38>=80,"جـيد جدا",IF(G38>=70,"جـيد",IF(G38>=60,"متوسط",IF(G38>=50,"مقبول","راسب"))))) -> 0 | X38: =IF(H38>=90,"امتياز",IF(H38>=80,"جـيد جدا",IF(H38>=70,"جـيد",IF(H38>=60,"متوسط",IF(H38>=50,"مقبول","راسب"))))) -> 0 | Y38: =IF(I38>=90,"امتياز",IF(I38>=80,"جـيد جدا",IF(I38>=70,"جـيد",IF(I38>=60,"متوسط",IF(I38>=50,"مقبول","راسب"))))) -> 0 | Z38: =IF(J38>=90,"امتياز",IF(J38>=80,"جـيد جدا",IF(J38>=70,"جـيد",IF(J38>=60,"متوسط",IF(J38>=50,"مقبول","راسب"))))) -> 0 | AA38: =IF(K38>=90,"امتياز",IF(K38>=80,"جـيد جدا",IF(K38>=70,"جـيد",IF(K38>=60,"متوسط",IF(K38>=50,"مقبول","راسب"))))) -> 0 | ... AD38: =IF(N38>=90,"امتياز",IF(N38>=80,"جـيد جدا",IF(N38>=70,"جـيد",IF(N38>=60,"متوسط",IF(N38>=50,"مقبول","راسب"))))) -> 0 | AE38: =MasterSheet!AA160 -> 0 | AF38: =MasterSheet!AB160 -> 0 | AG38: =MasterSheet!AC160 -> 0 | AL38: =IF(D38 >=50,"P","F") -> 0 | AM38: =IF(E38 >=50,"P","F") -> 0 | AN38: =IF(F38 >=50,"P","F") -> 0 | AO38: =IF(G38 >=50,"P","F") -> 0 | AP38: =IF(H38 >=50,"P","F") -> 0 | AQ38: =IF(I38 >=50,"P","F") -> 0 | AR38: =IF(J38 >=50,"P","F") -> 0 | AS38: =IF(K38 >=50,"P","F") -> 0 | ... AV38: =IF(N38 >=50,"P","F") -> 0 | AW38: =IF(AND(N38>=50,N38>=50,F38>=50,G38>=50,H38>=50,I38>=50,J38>=50,K38>=50,L38>=50,M38>=50),"P","F") -> 0
A39: =MasterSheet!B163 -> 0 | B39: =MasterSheet!C163 -> 0 | C39: =MasterSheet!D163 -> 0 | D39: =MasterSheet!E163 -> 0 | E39: =MasterSheet!G163 -> 0 | F39: =MasterSheet!I163 -> 0 | G39: =MasterSheet!K163 -> 0 | H39: =MasterSheet!M163 -> 0 | I39: =MasterSheet!O163 -> 0 | J39: =MasterSheet!Q163 -> 0 | K39: =MasterSheet!S163 -> 0 | L39: =MasterSheet!U163 -> 0 | M39: =MasterSheet!W163 -> 0 | N39: =MasterSheet!Y163 -> 0 | O39: =MasterSheet!AA163 -> 0 | P39: =MasterSheet!AB163 -> 0 | Q39: =MasterSheet!AC163 -> 0 | R39: =A39 -> 0 | S39: =B39 -> 0 | T39: =IF(D39>=90,"امتياز",IF(D39>=80,"جـيد جدا",IF(D39>=70,"جـيد",IF(D39>=60,"متوسط",IF(D39>=50,"مقبول","راسب"))))) -> 0 | U39: =IF(E39>=90,"امتياز",IF(E39>=80,"جـيد جدا",IF(E39>=70,"جـيد",IF(E39>=60,"متوسط",IF(E39>=50,"مقبول","راسب"))))) -> 0 | V39: =IF(F39>=90,"امتياز",IF(F39>=80,"جـيد جدا",IF(F39>=70,"جـيد",IF(F39>=60,"متوسط",IF(F39>=50,"مقبول","راسب"))))) -> 0 | W39: =IF(G39>=90,"امتياز",IF(G39>=80,"جـيد جدا",IF(G39>=70,"جـيد",IF(G39>=60,"متوسط",IF(G39>=50,"مقبول","راسب"))))) -> 0 | X39: =IF(H39>=90,"امتياز",IF(H39>=80,"جـيد جدا",IF(H39>=70,"جـيد",IF(H39>=60,"متوسط",IF(H39>=50,"مقبول","راسب"))))) -> 0 | Y39: =IF(I39>=90,"امتياز",IF(I39>=80,"جـيد جدا",IF(I39>=70,"جـيد",IF(I39>=60,"متوسط",IF(I39>=50,"مقبول","راسب"))))) -> 0 | Z39: =IF(J39>=90,"امتياز",IF(J39>=80,"جـيد جدا",IF(J39>=70,"جـيد",IF(J39>=60,"متوسط",IF(J39>=50,"مقبول","راسب"))))) -> 0 | AA39: =IF(K39>=90,"امتياز",IF(K39>=80,"جـيد جدا",IF(K39>=70,"جـيد",IF(K39>=60,"متوسط",IF(K39>=50,"مقبول","راسب"))))) -> 0 | ... AD39: =IF(N39>=90,"امتياز",IF(N39>=80,"جـيد جدا",IF(N39>=70,"جـيد",IF(N39>=60,"متوسط",IF(N39>=50,"مقبول","راسب"))))) -> 0 | AE39: =MasterSheet!AA163 -> 0 | AF39: =MasterSheet!AB163 -> 0 | AG39: =MasterSheet!AC163 -> 0 | AL39: =IF(D39 >=50,"P","F") -> 0 | AM39: =IF(E39 >=50,"P","F") -> 0 | AN39: =IF(F39 >=50,"P","F") -> 0 | AO39: =IF(G39 >=50,"P","F") -> 0 | AP39: =IF(H39 >=50,"P","F") -> 0 | AQ39: =IF(I39 >=50,"P","F") -> 0 | AR39: =IF(J39 >=50,"P","F") -> 0 | AS39: =IF(K39 >=50,"P","F") -> 0 | ... AV39: =IF(N39 >=50,"P","F") -> 0 | AW39: =IF(AND(N39>=50,N39>=50,F39>=50,G39>=50,H39>=50,I39>=50,J39>=50,K39>=50,L39>=50,M39>=50),"P","F") -> 0
A40: =MasterSheet!B166 -> 0 | B40: =MasterSheet!C166 -> 0 | C40: =MasterSheet!D166 -> 0 | D40: =MasterSheet!E166 -> 0 | E40: =MasterSheet!G166 -> 0 | F40: =MasterSheet!I166 -> 0 | G40: =MasterSheet!K166 -> 0 | H40: =MasterSheet!M166 -> 0 | I40: =MasterSheet!O166 -> 0 | J40: =MasterSheet!Q166 -> 0 | K40: =MasterSheet!S166 -> 0 | L40: =MasterSheet!U166 -> 0 | M40: =MasterSheet!W166 -> 0 | N40: =MasterSheet!Y166 -> 0 | O40: =MasterSheet!AA166 -> 0 | P40: =MasterSheet!AB166 -> 0 | Q40: =MasterSheet!AC166 -> 0 | R40: =A40 -> 0 | S40: =B40 -> 0 | T40: =IF(D40>=90,"امتياز",IF(D40>=80,"جـيد جدا",IF(D40>=70,"جـيد",IF(D40>=60,"متوسط",IF(D40>=50,"مقبول","راسب"))))) -> 0 | U40: =IF(E40>=90,"امتياز",IF(E40>=80,"جـيد جدا",IF(E40>=70,"جـيد",IF(E40>=60,"متوسط",IF(E40>=50,"مقبول","راسب"))))) -> 0 | V40: =IF(F40>=90,"امتياز",IF(F40>=80,"جـيد جدا",IF(F40>=70,"جـيد",IF(F40>=60,"متوسط",IF(F40>=50,"مقبول","راسب"))))) -> 0 | W40: =IF(G40>=90,"امتياز",IF(G40>=80,"جـيد جدا",IF(G40>=70,"جـيد",IF(G40>=60,"متوسط",IF(G40>=50,"مقبول","راسب"))))) -> 0 | X40: =IF(H40>=90,"امتياز",IF(H40>=80,"جـيد جدا",IF(H40>=70,"جـيد",IF(H40>=60,"متوسط",IF(H40>=50,"مقبول","راسب"))))) -> 0 | Y40: =IF(I40>=90,"امتياز",IF(I40>=80,"جـيد جدا",IF(I40>=70,"جـيد",IF(I40>=60,"متوسط",IF(I40>=50,"مقبول","راسب"))))) -> 0 | Z40: =IF(J40>=90,"امتياز",IF(J40>=80,"جـيد جدا",IF(J40>=70,"جـيد",IF(J40>=60,"متوسط",IF(J40>=50,"مقبول","راسب"))))) -> 0 | AA40: =IF(K40>=90,"امتياز",IF(K40>=80,"جـيد جدا",IF(K40>=70,"جـيد",IF(K40>=60,"متوسط",IF(K40>=50,"مقبول","راسب"))))) -> 0 | ... AD40: =IF(N40>=90,"امتياز",IF(N40>=80,"جـيد جدا",IF(N40>=70,"جـيد",IF(N40>=60,"متوسط",IF(N40>=50,"مقبول","راسب"))))) -> 0 | AE40: =MasterSheet!AA166 -> 0 | AF40: =MasterSheet!AB166 -> 0 | AG40: =MasterSheet!AC166 -> 0 | AL40: =IF(D40 >=50,"P","F") -> 0 | AM40: =IF(E40 >=50,"P","F") -> 0 | AN40: =IF(F40 >=50,"P","F") -> 0 | AO40: =IF(G40 >=50,"P","F") -> 0 | AP40: =IF(H40 >=50,"P","F") -> 0 | AQ40: =IF(I40 >=50,"P","F") -> 0 | AR40: =IF(J40 >=50,"P","F") -> 0 | AS40: =IF(K40 >=50,"P","F") -> 0 | ... AV40: =IF(N40 >=50,"P","F") -> 0 | AW40: =IF(AND(N40>=50,N40>=50,F40>=50,G40>=50,H40>=50,I40>=50,J40>=50,K40>=50,L40>=50,M40>=50),"P","F") -> 0
A41: =MasterSheet!B169 -> 0 | B41: =MasterSheet!C169 -> 0 | C41: =MasterSheet!D169 -> 0 | D41: =MasterSheet!E169 -> 0 | E41: =MasterSheet!G169 -> 0 | F41: =MasterSheet!I169 -> 0 | G41: =MasterSheet!K169 -> 0 | H41: =MasterSheet!M169 -> 0 | I41: =MasterSheet!O169 -> 0 | J41: =MasterSheet!Q169 -> 0 | K41: =MasterSheet!S169 -> 0 | L41: =MasterSheet!U169 -> 0 | M41: =MasterSheet!W169 -> 0 | N41: =MasterSheet!Y169 -> 0 | O41: =MasterSheet!AA169 -> 0 | P41: =MasterSheet!AB169 -> 0 | Q41: =MasterSheet!AC169 -> 0 | R41: =A41 -> 0 | S41: =B41 -> 0 | T41: =IF(D41>=90,"امتياز",IF(D41>=80,"جـيد جدا",IF(D41>=70,"جـيد",IF(D41>=60,"متوسط",IF(D41>=50,"مقبول","راسب"))))) -> 0 | U41: =IF(E41>=90,"امتياز",IF(E41>=80,"جـيد جدا",IF(E41>=70,"جـيد",IF(E41>=60,"متوسط",IF(E41>=50,"مقبول","راسب"))))) -> 0 | V41: =IF(F41>=90,"امتياز",IF(F41>=80,"جـيد جدا",IF(F41>=70,"جـيد",IF(F41>=60,"متوسط",IF(F41>=50,"مقبول","راسب"))))) -> 0 | W41: =IF(G41>=90,"امتياز",IF(G41>=80,"جـيد جدا",IF(G41>=70,"جـيد",IF(G41>=60,"متوسط",IF(G41>=50,"مقبول","راسب"))))) -> 0 | X41: =IF(H41>=90,"امتياز",IF(H41>=80,"جـيد جدا",IF(H41>=70,"جـيد",IF(H41>=60,"متوسط",IF(H41>=50,"مقبول","راسب"))))) -> 0 | Y41: =IF(I41>=90,"امتياز",IF(I41>=80,"جـيد جدا",IF(I41>=70,"جـيد",IF(I41>=60,"متوسط",IF(I41>=50,"مقبول","راسب"))))) -> 0 | Z41: =IF(J41>=90,"امتياز",IF(J41>=80,"جـيد جدا",IF(J41>=70,"جـيد",IF(J41>=60,"متوسط",IF(J41>=50,"مقبول","راسب"))))) -> 0 | AA41: =IF(K41>=90,"امتياز",IF(K41>=80,"جـيد جدا",IF(K41>=70,"جـيد",IF(K41>=60,"متوسط",IF(K41>=50,"مقبول","راسب"))))) -> 0 | ... AD41: =IF(N41>=90,"امتياز",IF(N41>=80,"جـيد جدا",IF(N41>=70,"جـيد",IF(N41>=60,"متوسط",IF(N41>=50,"مقبول","راسب"))))) -> 0 | AE41: =MasterSheet!AA169 -> 0 | AF41: =MasterSheet!AB169 -> 0 | AG41: =MasterSheet!AC169 -> 0 | AL41: =IF(D41 >=50,"P","F") -> 0 | AM41: =IF(E41 >=50,"P","F") -> 0 | AN41: =IF(F41 >=50,"P","F") -> 0 | AO41: =IF(G41 >=50,"P","F") -> 0 | AP41: =IF(H41 >=50,"P","F") -> 0 | AQ41: =IF(I41 >=50,"P","F") -> 0 | AR41: =IF(J41 >=50,"P","F") -> 0 | AS41: =IF(K41 >=50,"P","F") -> 0 | ... AV41: =IF(N41 >=50,"P","F") -> 0 | AW41: =IF(AND(N41>=50,N41>=50,F41>=50,G41>=50,H41>=50,I41>=50,J41>=50,K41>=50,L41>=50,M41>=50),"P","F") -> 0
A42: =MasterSheet!B172 -> 0 | B42: =MasterSheet!C172 -> 0 | C42: =MasterSheet!D172 -> 0 | D42: =MasterSheet!E172 -> 0 | E42: =MasterSheet!G172 -> 0 | F42: =MasterSheet!I172 -> 0 | G42: =MasterSheet!K172 -> 0 | H42: =MasterSheet!M172 -> 0 | I42: =MasterSheet!O172 -> 0 | J42: =MasterSheet!Q172 -> 0 | K42: =MasterSheet!S172 -> 0 | L42: =MasterSheet!U172 -> 0 | M42: =MasterSheet!W172 -> 0 | N42: =MasterSheet!Y172 -> 0 | O42: =MasterSheet!AA172 -> 0 | P42: =MasterSheet!AB172 -> 0 | Q42: =MasterSheet!AC172 -> 0 | R42: =A42 -> 0 | S42: =B42 -> 0 | T42: =IF(D42>=90,"امتياز",IF(D42>=80,"جـيد جدا",IF(D42>=70,"جـيد",IF(D42>=60,"متوسط",IF(D42>=50,"مقبول","راسب"))))) -> 0 | U42: =IF(E42>=90,"امتياز",IF(E42>=80,"جـيد جدا",IF(E42>=70,"جـيد",IF(E42>=60,"متوسط",IF(E42>=50,"مقبول","راسب"))))) -> 0 | V42: =IF(F42>=90,"امتياز",IF(F42>=80,"جـيد جدا",IF(F42>=70,"جـيد",IF(F42>=60,"متوسط",IF(F42>=50,"مقبول","راسب"))))) -> 0 | W42: =IF(G42>=90,"امتياز",IF(G42>=80,"جـيد جدا",IF(G42>=70,"جـيد",IF(G42>=60,"متوسط",IF(G42>=50,"مقبول","راسب"))))) -> 0 | X42: =IF(H42>=90,"امتياز",IF(H42>=80,"جـيد جدا",IF(H42>=70,"جـيد",IF(H42>=60,"متوسط",IF(H42>=50,"مقبول","راسب"))))) -> 0 | Y42: =IF(I42>=90,"امتياز",IF(I42>=80,"جـيد جدا",IF(I42>=70,"جـيد",IF(I42>=60,"متوسط",IF(I42>=50,"مقبول","راسب"))))) -> 0 | Z42: =IF(J42>=90,"امتياز",IF(J42>=80,"جـيد جدا",IF(J42>=70,"جـيد",IF(J42>=60,"متوسط",IF(J42>=50,"مقبول","راسب"))))) -> 0 | AA42: =IF(K42>=90,"امتياز",IF(K42>=80,"جـيد جدا",IF(K42>=70,"جـيد",IF(K42>=60,"متوسط",IF(K42>=50,"مقبول","راسب"))))) -> 0 | ... AD42: =IF(N42>=90,"امتياز",IF(N42>=80,"جـيد جدا",IF(N42>=70,"جـيد",IF(N42>=60,"متوسط",IF(N42>=50,"مقبول","راسب"))))) -> 0 | AE42: =MasterSheet!AA172 -> 0 | AF42: =MasterSheet!AB172 -> 0 | AG42: =MasterSheet!AC172 -> 0 | AL42: =IF(D42 >=50,"P","F") -> 0 | AM42: =IF(E42 >=50,"P","F") -> 0 | AN42: =IF(F42 >=50,"P","F") -> 0 | AO42: =IF(G42 >=50,"P","F") -> 0 | AP42: =IF(H42 >=50,"P","F") -> 0 | AQ42: =IF(I42 >=50,"P","F") -> 0 | AR42: =IF(J42 >=50,"P","F") -> 0 | AS42: =IF(K42 >=50,"P","F") -> 0 | ... AV42: =IF(N42 >=50,"P","F") -> 0 | AW42: =IF(AND(N42>=50,N42>=50,F42>=50,G42>=50,H42>=50,I42>=50,J42>=50,K42>=50,L42>=50,M42>=50),"P","F") -> 0
A43: =MasterSheet!B175 -> 0 | B43: =MasterSheet!C175 -> 0 | C43: =MasterSheet!D175 -> 0 | D43: =MasterSheet!E175 -> 0 | E43: =MasterSheet!G175 -> 0 | F43: =MasterSheet!I175 -> 0 | G43: =MasterSheet!K175 -> 0 | H43: =MasterSheet!M175 -> 0 | I43: =MasterSheet!O175 -> 0 | J43: =MasterSheet!Q175 -> 0 | K43: =MasterSheet!S175 -> 0 | L43: =MasterSheet!U175 -> 0 | M43: =MasterSheet!W175 -> 0 | N43: =MasterSheet!Y175 -> 0 | O43: =MasterSheet!AA175 -> 0 | P43: =MasterSheet!AB175 -> 0 | Q43: =MasterSheet!AC175 -> 0 | R43: =A43 -> 0 | S43: =B43 -> 0 | T43: =IF(D43>=90,"امتياز",IF(D43>=80,"جـيد جدا",IF(D43>=70,"جـيد",IF(D43>=60,"متوسط",IF(D43>=50,"مقبول","راسب"))))) -> 0 | U43: =IF(E43>=90,"امتياز",IF(E43>=80,"جـيد جدا",IF(E43>=70,"جـيد",IF(E43>=60,"متوسط",IF(E43>=50,"مقبول","راسب"))))) -> 0 | V43: =IF(F43>=90,"امتياز",IF(F43>=80,"جـيد جدا",IF(F43>=70,"جـيد",IF(F43>=60,"متوسط",IF(F43>=50,"مقبول","راسب"))))) -> 0 | W43: =IF(G43>=90,"امتياز",IF(G43>=80,"جـيد جدا",IF(G43>=70,"جـيد",IF(G43>=60,"متوسط",IF(G43>=50,"مقبول","راسب"))))) -> 0 | X43: =IF(H43>=90,"امتياز",IF(H43>=80,"جـيد جدا",IF(H43>=70,"جـيد",IF(H43>=60,"متوسط",IF(H43>=50,"مقبول","راسب"))))) -> 0 | Y43: =IF(I43>=90,"امتياز",IF(I43>=80,"جـيد جدا",IF(I43>=70,"جـيد",IF(I43>=60,"متوسط",IF(I43>=50,"مقبول","راسب"))))) -> 0 | Z43: =IF(J43>=90,"امتياز",IF(J43>=80,"جـيد جدا",IF(J43>=70,"جـيد",IF(J43>=60,"متوسط",IF(J43>=50,"مقبول","راسب"))))) -> 0 | AA43: =IF(K43>=90,"امتياز",IF(K43>=80,"جـيد جدا",IF(K43>=70,"جـيد",IF(K43>=60,"متوسط",IF(K43>=50,"مقبول","راسب"))))) -> 0 | ... AD43: =IF(N43>=90,"امتياز",IF(N43>=80,"جـيد جدا",IF(N43>=70,"جـيد",IF(N43>=60,"متوسط",IF(N43>=50,"مقبول","راسب"))))) -> 0 | AE43: =MasterSheet!AA175 -> 0 | AF43: =MasterSheet!AB175 -> 0 | AG43: =MasterSheet!AC175 -> 0 | AL43: =IF(D43 >=50,"P","F") -> 0 | AM43: =IF(E43 >=50,"P","F") -> 0 | AN43: =IF(F43 >=50,"P","F") -> 0 | AO43: =IF(G43 >=50,"P","F") -> 0 | AP43: =IF(H43 >=50,"P","F") -> 0 | AQ43: =IF(I43 >=50,"P","F") -> 0 | AR43: =IF(J43 >=50,"P","F") -> 0 | AS43: =IF(K43 >=50,"P","F") -> 0 | ... AV43: =IF(N43 >=50,"P","F") -> 0 | AW43: =IF(AND(N43>=50,N43>=50,F43>=50,G43>=50,H43>=50,I43>=50,J43>=50,K43>=50,L43>=50,M43>=50),"P","F") -> 0
A44: =MasterSheet!B178 -> 0 | B44: =MasterSheet!C178 -> 0 | C44: =MasterSheet!D178 -> 0 | D44: =MasterSheet!E178 -> 0 | E44: =MasterSheet!G178 -> 0 | F44: =MasterSheet!I178 -> 0 | G44: =MasterSheet!K178 -> 0 | H44: =MasterSheet!M178 -> 0 | I44: =MasterSheet!O178 -> 0 | J44: =MasterSheet!Q178 -> 0 | K44: =MasterSheet!S178 -> 0 | L44: =MasterSheet!U178 -> 0 | M44: =MasterSheet!W178 -> 0 | N44: =MasterSheet!Y178 -> 0 | O44: =MasterSheet!AA178 -> 0 | P44: =MasterSheet!AB178 -> 0 | Q44: =MasterSheet!AC178 -> 0 | R44: =A44 -> 0 | S44: =B44 -> 0 | T44: =IF(D44>=90,"امتياز",IF(D44>=80,"جـيد جدا",IF(D44>=70,"جـيد",IF(D44>=60,"متوسط",IF(D44>=50,"مقبول","راسب"))))) -> 0 | U44: =IF(E44>=90,"امتياز",IF(E44>=80,"جـيد جدا",IF(E44>=70,"جـيد",IF(E44>=60,"متوسط",IF(E44>=50,"مقبول","راسب"))))) -> 0 | V44: =IF(F44>=90,"امتياز",IF(F44>=80,"جـيد جدا",IF(F44>=70,"جـيد",IF(F44>=60,"متوسط",IF(F44>=50,"مقبول","راسب"))))) -> 0 | W44: =IF(G44>=90,"امتياز",IF(G44>=80,"جـيد جدا",IF(G44>=70,"جـيد",IF(G44>=60,"متوسط",IF(G44>=50,"مقبول","راسب"))))) -> 0 | X44: =IF(H44>=90,"امتياز",IF(H44>=80,"جـيد جدا",IF(H44>=70,"جـيد",IF(H44>=60,"متوسط",IF(H44>=50,"مقبول","راسب"))))) -> 0 | Y44: =IF(I44>=90,"امتياز",IF(I44>=80,"جـيد جدا",IF(I44>=70,"جـيد",IF(I44>=60,"متوسط",IF(I44>=50,"مقبول","راسب"))))) -> 0 | Z44: =IF(J44>=90,"امتياز",IF(J44>=80,"جـيد جدا",IF(J44>=70,"جـيد",IF(J44>=60,"متوسط",IF(J44>=50,"مقبول","راسب"))))) -> 0 | AA44: =IF(K44>=90,"امتياز",IF(K44>=80,"جـيد جدا",IF(K44>=70,"جـيد",IF(K44>=60,"متوسط",IF(K44>=50,"مقبول","راسب"))))) -> 0 | ... AD44: =IF(N44>=90,"امتياز",IF(N44>=80,"جـيد جدا",IF(N44>=70,"جـيد",IF(N44>=60,"متوسط",IF(N44>=50,"مقبول","راسب"))))) -> 0 | AE44: =MasterSheet!AA178 -> 0 | AF44: =MasterSheet!AB178 -> 0 | AG44: =MasterSheet!AC178 -> 0 | AL44: =IF(D44 >=50,"P","F") -> 0 | AM44: =IF(E44 >=50,"P","F") -> 0 | AN44: =IF(F44 >=50,"P","F") -> 0 | AO44: =IF(G44 >=50,"P","F") -> 0 | AP44: =IF(H44 >=50,"P","F") -> 0 | AQ44: =IF(I44 >=50,"P","F") -> 0 | AR44: =IF(J44 >=50,"P","F") -> 0 | AS44: =IF(K44 >=50,"P","F") -> 0 | ... AV44: =IF(N44 >=50,"P","F") -> 0 | AW44: =IF(AND(N44>=50,N44>=50,F44>=50,G44>=50,H44>=50,I44>=50,J44>=50,K44>=50,L44>=50,M44>=50),"P","F") -> 0
A45: =MasterSheet!B181 -> 0 | B45: =MasterSheet!C181 -> 0 | C45: =MasterSheet!D181 -> 0 | D45: =MasterSheet!E181 -> 0 | E45: =MasterSheet!G181 -> 0 | F45: =MasterSheet!I181 -> 0 | G45: =MasterSheet!K181 -> 0 | H45: =MasterSheet!M181 -> 0 | I45: =MasterSheet!O181 -> 0 | J45: =MasterSheet!Q181 -> 0 | K45: =MasterSheet!S181 -> 0 | L45: =MasterSheet!U181 -> 0 | M45: =MasterSheet!W181 -> 0 | N45: =MasterSheet!Y181 -> 0 | O45: =MasterSheet!AA181 -> 0 | P45: =MasterSheet!AB181 -> 0 | Q45: =MasterSheet!AC181 -> 0 | R45: =A45 -> 0 | S45: =B45 -> 0 | T45: =IF(D45>=90,"امتياز",IF(D45>=80,"جـيد جدا",IF(D45>=70,"جـيد",IF(D45>=60,"متوسط",IF(D45>=50,"مقبول","راسب"))))) -> 0 | U45: =IF(E45>=90,"امتياز",IF(E45>=80,"جـيد جدا",IF(E45>=70,"جـيد",IF(E45>=60,"متوسط",IF(E45>=50,"مقبول","راسب"))))) -> 0 | V45: =IF(F45>=90,"امتياز",IF(F45>=80,"جـيد جدا",IF(F45>=70,"جـيد",IF(F45>=60,"متوسط",IF(F45>=50,"مقبول","راسب"))))) -> 0 | W45: =IF(G45>=90,"امتياز",IF(G45>=80,"جـيد جدا",IF(G45>=70,"جـيد",IF(G45>=60,"متوسط",IF(G45>=50,"مقبول","راسب"))))) -> 0 | X45: =IF(H45>=90,"امتياز",IF(H45>=80,"جـيد جدا",IF(H45>=70,"جـيد",IF(H45>=60,"متوسط",IF(H45>=50,"مقبول","راسب"))))) -> 0 | Y45: =IF(I45>=90,"امتياز",IF(I45>=80,"جـيد جدا",IF(I45>=70,"جـيد",IF(I45>=60,"متوسط",IF(I45>=50,"مقبول","راسب"))))) -> 0 | Z45: =IF(J45>=90,"امتياز",IF(J45>=80,"جـيد جدا",IF(J45>=70,"جـيد",IF(J45>=60,"متوسط",IF(J45>=50,"مقبول","راسب"))))) -> 0 | AA45: =IF(K45>=90,"امتياز",IF(K45>=80,"جـيد جدا",IF(K45>=70,"جـيد",IF(K45>=60,"متوسط",IF(K45>=50,"مقبول","راسب"))))) -> 0 | ... AD45: =IF(N45>=90,"امتياز",IF(N45>=80,"جـيد جدا",IF(N45>=70,"جـيد",IF(N45>=60,"متوسط",IF(N45>=50,"مقبول","راسب"))))) -> 0 | AE45: =MasterSheet!AA181 -> 0 | AF45: =MasterSheet!AB181 -> 0 | AG45: =MasterSheet!AC181 -> 0 | AL45: =IF(D45 >=50,"P","F") -> 0 | AM45: =IF(E45 >=50,"P","F") -> 0 | AN45: =IF(F45 >=50,"P","F") -> 0 | AO45: =IF(G45 >=50,"P","F") -> 0 | AP45: =IF(H45 >=50,"P","F") -> 0 | AQ45: =IF(I45 >=50,"P","F") -> 0 | AR45: =IF(J45 >=50,"P","F") -> 0 | AS45: =IF(K45 >=50,"P","F") -> 0 | ... AV45: =IF(N45 >=50,"P","F") -> 0 | AW45: =IF(AND(N45>=50,N45>=50,F45>=50,G45>=50,H45>=50,I45>=50,J45>=50,K45>=50,L45>=50,M45>=50),"P","F") -> 0
A46: =MasterSheet!B184 -> 0 | B46: =MasterSheet!C184 -> 0 | C46: =MasterSheet!D184 -> 0 | D46: =MasterSheet!E184 -> 0 | E46: =MasterSheet!G184 -> 0 | F46: =MasterSheet!I184 -> 0 | G46: =MasterSheet!K184 -> 0 | H46: =MasterSheet!M184 -> 0 | I46: =MasterSheet!O184 -> 0 | J46: =MasterSheet!Q184 -> 0 | K46: =MasterSheet!S184 -> 0 | L46: =MasterSheet!U184 -> 0 | M46: =MasterSheet!W184 -> 0 | N46: =MasterSheet!Y184 -> 0 | O46: =MasterSheet!AA184 -> 0 | P46: =MasterSheet!AB184 -> 0 | Q46: =MasterSheet!AC184 -> 0 | R46: =A46 -> 0 | S46: =B46 -> 0 | T46: =IF(D46>=90,"امتياز",IF(D46>=80,"جـيد جدا",IF(D46>=70,"جـيد",IF(D46>=60,"متوسط",IF(D46>=50,"مقبول","راسب"))))) -> 0 | U46: =IF(E46>=90,"امتياز",IF(E46>=80,"جـيد جدا",IF(E46>=70,"جـيد",IF(E46>=60,"متوسط",IF(E46>=50,"مقبول","راسب"))))) -> 0 | V46: =IF(F46>=90,"امتياز",IF(F46>=80,"جـيد جدا",IF(F46>=70,"جـيد",IF(F46>=60,"متوسط",IF(F46>=50,"مقبول","راسب"))))) -> 0 | W46: =IF(G46>=90,"امتياز",IF(G46>=80,"جـيد جدا",IF(G46>=70,"جـيد",IF(G46>=60,"متوسط",IF(G46>=50,"مقبول","راسب"))))) -> 0 | X46: =IF(H46>=90,"امتياز",IF(H46>=80,"جـيد جدا",IF(H46>=70,"جـيد",IF(H46>=60,"متوسط",IF(H46>=50,"مقبول","راسب"))))) -> 0 | Y46: =IF(I46>=90,"امتياز",IF(I46>=80,"جـيد جدا",IF(I46>=70,"جـيد",IF(I46>=60,"متوسط",IF(I46>=50,"مقبول","راسب"))))) -> 0 | Z46: =IF(J46>=90,"امتياز",IF(J46>=80,"جـيد جدا",IF(J46>=70,"جـيد",IF(J46>=60,"متوسط",IF(J46>=50,"مقبول","راسب"))))) -> 0 | AA46: =IF(K46>=90,"امتياز",IF(K46>=80,"جـيد جدا",IF(K46>=70,"جـيد",IF(K46>=60,"متوسط",IF(K46>=50,"مقبول","راسب"))))) -> 0 | ... AD46: =IF(N46>=90,"امتياز",IF(N46>=80,"جـيد جدا",IF(N46>=70,"جـيد",IF(N46>=60,"متوسط",IF(N46>=50,"مقبول","راسب"))))) -> 0 | AE46: =MasterSheet!AA184 -> 0 | AF46: =MasterSheet!AB184 -> 0 | AG46: =MasterSheet!AC184 -> 0 | AL46: =IF(D46 >=50,"P","F") -> 0 | AM46: =IF(E46 >=50,"P","F") -> 0 | AN46: =IF(F46 >=50,"P","F") -> 0 | AO46: =IF(G46 >=50,"P","F") -> 0 | AP46: =IF(H46 >=50,"P","F") -> 0 | AQ46: =IF(I46 >=50,"P","F") -> 0 | AR46: =IF(J46 >=50,"P","F") -> 0 | AS46: =IF(K46 >=50,"P","F") -> 0 | ... AV46: =IF(N46 >=50,"P","F") -> 0 | AW46: =IF(AND(N46>=50,N46>=50,F46>=50,G46>=50,H46>=50,I46>=50,J46>=50,K46>=50,L46>=50,M46>=50),"P","F") -> 0
A47: =MasterSheet!B207 -> 0 | B47: =MasterSheet!C207 -> 0 | C47: =MasterSheet!D207 -> 0 | D47: =MasterSheet!E207 -> 0 | E47: =MasterSheet!G207 -> 0 | F47: =MasterSheet!I207 -> 0 | G47: =MasterSheet!K207 -> 0 | H47: =MasterSheet!M207 -> 0 | I47: =MasterSheet!O207 -> 0 | J47: =MasterSheet!Q207 -> 0 | K47: =MasterSheet!S207 -> 0 | L47: =MasterSheet!U207 -> 0 | M47: =MasterSheet!W207 -> 0 | N47: =MasterSheet!Y207 -> 0 | O47: =MasterSheet!AA207 -> 0 | P47: =MasterSheet!AB207 -> 0 | Q47: =MasterSheet!AC207 -> 0 | R47: =A47 -> 0 | S47: =B47 -> 0 | T47: =IF(D47>=90,"امتياز",IF(D47>=80,"جـيد جدا",IF(D47>=70,"جـيد",IF(D47>=60,"متوسط",IF(D47>=50,"مقبول","راسب"))))) -> 0 | U47: =IF(E47>=90,"امتياز",IF(E47>=80,"جـيد جدا",IF(E47>=70,"جـيد",IF(E47>=60,"متوسط",IF(E47>=50,"مقبول","راسب"))))) -> 0 | V47: =IF(F47>=90,"امتياز",IF(F47>=80,"جـيد جدا",IF(F47>=70,"جـيد",IF(F47>=60,"متوسط",IF(F47>=50,"مقبول","راسب"))))) -> 0 | W47: =IF(G47>=90,"امتياز",IF(G47>=80,"جـيد جدا",IF(G47>=70,"جـيد",IF(G47>=60,"متوسط",IF(G47>=50,"مقبول","راسب"))))) -> 0 | X47: =IF(H47>=90,"امتياز",IF(H47>=80,"جـيد جدا",IF(H47>=70,"جـيد",IF(H47>=60,"متوسط",IF(H47>=50,"مقبول","راسب"))))) -> 0 | Y47: =IF(I47>=90,"امتياز",IF(I47>=80,"جـيد جدا",IF(I47>=70,"جـيد",IF(I47>=60,"متوسط",IF(I47>=50,"مقبول","راسب"))))) -> 0 | Z47: =IF(J47>=90,"امتياز",IF(J47>=80,"جـيد جدا",IF(J47>=70,"جـيد",IF(J47>=60,"متوسط",IF(J47>=50,"مقبول","راسب"))))) -> 0 | AA47: =IF(K47>=90,"امتياز",IF(K47>=80,"جـيد جدا",IF(K47>=70,"جـيد",IF(K47>=60,"متوسط",IF(K47>=50,"مقبول","راسب"))))) -> 0 | ... AD47: =IF(N47>=90,"امتياز",IF(N47>=80,"جـيد جدا",IF(N47>=70,"جـيد",IF(N47>=60,"متوسط",IF(N47>=50,"مقبول","راسب"))))) -> 0 | AE47: =MasterSheet!AA207 -> 0 | AF47: =MasterSheet!AB207 -> 0 | AG47: =MasterSheet!AC207 -> 0 | AL47: =IF(D47 >=50,"P","F") -> 0 | AM47: =IF(E47 >=50,"P","F") -> 0 | AN47: =IF(F47 >=50,"P","F") -> 0 | AO47: =IF(G47 >=50,"P","F") -> 0 | AP47: =IF(H47 >=50,"P","F") -> 0 | AQ47: =IF(I47 >=50,"P","F") -> 0 | AR47: =IF(J47 >=50,"P","F") -> 0 | AS47: =IF(K47 >=50,"P","F") -> 0 | ... AV47: =IF(N47 >=50,"P","F") -> 0 | AW47: =IF(AND(N47>=50,N47>=50,F47>=50,G47>=50,H47>=50,I47>=50,J47>=50,K47>=50,L47>=50,M47>=50),"P","F") -> 0
A48: =MasterSheet!B210 -> 0 | B48: =MasterSheet!C210 -> 0 | C48: =MasterSheet!D210 -> 0 | D48: =MasterSheet!E210 -> 0 | E48: =MasterSheet!G210 -> 0 | F48: =MasterSheet!I210 -> 0 | G48: =MasterSheet!K210 -> 0 | H48: =MasterSheet!M210 -> 0 | I48: =MasterSheet!O210 -> 0 | J48: =MasterSheet!Q210 -> 0 | K48: =MasterSheet!S210 -> 0 | L48: =MasterSheet!U210 -> 0 | M48: =MasterSheet!W210 -> 0 | N48: =MasterSheet!Y210 -> 0 | O48: =MasterSheet!AA210 -> 0 | P48: =MasterSheet!AB210 -> 0 | Q48: =MasterSheet!AC210 -> 0 | R48: =A48 -> 0 | S48: =B48 -> 0 | T48: =IF(D48>=90,"امتياز",IF(D48>=80,"جـيد جدا",IF(D48>=70,"جـيد",IF(D48>=60,"متوسط",IF(D48>=50,"مقبول","راسب"))))) -> 0 | U48: =IF(E48>=90,"امتياز",IF(E48>=80,"جـيد جدا",IF(E48>=70,"جـيد",IF(E48>=60,"متوسط",IF(E48>=50,"مقبول","راسب"))))) -> 0 | V48: =IF(F48>=90,"امتياز",IF(F48>=80,"جـيد جدا",IF(F48>=70,"جـيد",IF(F48>=60,"متوسط",IF(F48>=50,"مقبول","راسب"))))) -> 0 | W48: =IF(G48>=90,"امتياز",IF(G48>=80,"جـيد جدا",IF(G48>=70,"جـيد",IF(G48>=60,"متوسط",IF(G48>=50,"مقبول","راسب"))))) -> 0 | X48: =IF(H48>=90,"امتياز",IF(H48>=80,"جـيد جدا",IF(H48>=70,"جـيد",IF(H48>=60,"متوسط",IF(H48>=50,"مقبول","راسب"))))) -> 0 | Y48: =IF(I48>=90,"امتياز",IF(I48>=80,"جـيد جدا",IF(I48>=70,"جـيد",IF(I48>=60,"متوسط",IF(I48>=50,"مقبول","راسب"))))) -> 0 | Z48: =IF(J48>=90,"امتياز",IF(J48>=80,"جـيد جدا",IF(J48>=70,"جـيد",IF(J48>=60,"متوسط",IF(J48>=50,"مقبول","راسب"))))) -> 0 | AA48: =IF(K48>=90,"امتياز",IF(K48>=80,"جـيد جدا",IF(K48>=70,"جـيد",IF(K48>=60,"متوسط",IF(K48>=50,"مقبول","راسب"))))) -> 0 | ... AD48: =IF(N48>=90,"امتياز",IF(N48>=80,"جـيد جدا",IF(N48>=70,"جـيد",IF(N48>=60,"متوسط",IF(N48>=50,"مقبول","راسب"))))) -> 0 | AE48: =MasterSheet!AA210 -> 0 | AF48: =MasterSheet!AB210 -> 0 | AG48: =MasterSheet!AC210 -> 0 | AL48: =IF(D48 >=50,"P","F") -> 0 | AM48: =IF(E48 >=50,"P","F") -> 0 | AN48: =IF(F48 >=50,"P","F") -> 0 | AO48: =IF(G48 >=50,"P","F") -> 0 | AP48: =IF(H48 >=50,"P","F") -> 0 | AQ48: =IF(I48 >=50,"P","F") -> 0 | AR48: =IF(J48 >=50,"P","F") -> 0 | AS48: =IF(K48 >=50,"P","F") -> 0 | ... AV48: =IF(N48 >=50,"P","F") -> 0 | AW48: =IF(AND(N48>=50,N48>=50,F48>=50,G48>=50,H48>=50,I48>=50,J48>=50,K48>=50,L48>=50,M48>=50),"P","F") -> 0
A49: =MasterSheet!B213 -> 0 | B49: =MasterSheet!C213 -> 0 | C49: =MasterSheet!D213 -> 0 | D49: =MasterSheet!E213 -> 0 | E49: =MasterSheet!G213 -> 0 | F49: =MasterSheet!I213 -> 0 | G49: =MasterSheet!K213 -> 0 | H49: =MasterSheet!M213 -> 0 | I49: =MasterSheet!O213 -> 0 | J49: =MasterSheet!Q213 -> 0 | K49: =MasterSheet!S213 -> 0 | L49: =MasterSheet!U213 -> 0 | M49: =MasterSheet!W213 -> 0 | N49: =MasterSheet!Y213 -> 0 | O49: =MasterSheet!AA213 -> 0 | P49: =MasterSheet!AB213 -> 0 | Q49: =MasterSheet!AC213 -> 0 | R49: =A49 -> 0 | S49: =B49 -> 0 | T49: =IF(D49>=90,"امتياز",IF(D49>=80,"جـيد جدا",IF(D49>=70,"جـيد",IF(D49>=60,"متوسط",IF(D49>=50,"مقبول","راسب"))))) -> 0 | U49: =IF(E49>=90,"امتياز",IF(E49>=80,"جـيد جدا",IF(E49>=70,"جـيد",IF(E49>=60,"متوسط",IF(E49>=50,"مقبول","راسب"))))) -> 0 | V49: =IF(F49>=90,"امتياز",IF(F49>=80,"جـيد جدا",IF(F49>=70,"جـيد",IF(F49>=60,"متوسط",IF(F49>=50,"مقبول","راسب"))))) -> 0 | W49: =IF(G49>=90,"امتياز",IF(G49>=80,"جـيد جدا",IF(G49>=70,"جـيد",IF(G49>=60,"متوسط",IF(G49>=50,"مقبول","راسب"))))) -> 0 | X49: =IF(H49>=90,"امتياز",IF(H49>=80,"جـيد جدا",IF(H49>=70,"جـيد",IF(H49>=60,"متوسط",IF(H49>=50,"مقبول","راسب"))))) -> 0 | Y49: =IF(I49>=90,"امتياز",IF(I49>=80,"جـيد جدا",IF(I49>=70,"جـيد",IF(I49>=60,"متوسط",IF(I49>=50,"مقبول","راسب"))))) -> 0 | Z49: =IF(J49>=90,"امتياز",IF(J49>=80,"جـيد جدا",IF(J49>=70,"جـيد",IF(J49>=60,"متوسط",IF(J49>=50,"مقبول","راسب"))))) -> 0 | AA49: =IF(K49>=90,"امتياز",IF(K49>=80,"جـيد جدا",IF(K49>=70,"جـيد",IF(K49>=60,"متوسط",IF(K49>=50,"مقبول","راسب"))))) -> 0 | ... AD49: =IF(N49>=90,"امتياز",IF(N49>=80,"جـيد جدا",IF(N49>=70,"جـيد",IF(N49>=60,"متوسط",IF(N49>=50,"مقبول","راسب"))))) -> 0 | AE49: =MasterSheet!AA213 -> 0 | AF49: =MasterSheet!AB213 -> 0 | AG49: =MasterSheet!AC213 -> 0 | AL49: =IF(D49 >=50,"P","F") -> 0 | AM49: =IF(E49 >=50,"P","F") -> 0 | AN49: =IF(F49 >=50,"P","F") -> 0 | AO49: =IF(G49 >=50,"P","F") -> 0 | AP49: =IF(H49 >=50,"P","F") -> 0 | AQ49: =IF(I49 >=50,"P","F") -> 0 | AR49: =IF(J49 >=50,"P","F") -> 0 | AS49: =IF(K49 >=50,"P","F") -> 0 | ... AV49: =IF(N49 >=50,"P","F") -> 0 | AW49: =IF(AND(N49>=50,N49>=50,F49>=50,G49>=50,H49>=50,I49>=50,J49>=50,K49>=50,L49>=50,M49>=50),"P","F") -> 0
A50: =MasterSheet!B216 -> 0 | B50: =MasterSheet!C216 -> 0 | C50: =MasterSheet!D216 -> 0 | D50: =MasterSheet!E216 -> 0 | E50: =MasterSheet!G216 -> 0 | F50: =MasterSheet!I216 -> 0 | G50: =MasterSheet!K216 -> 0 | H50: =MasterSheet!M216 -> 0 | I50: =MasterSheet!O216 -> 0 | J50: =MasterSheet!Q216 -> 0 | K50: =MasterSheet!S216 -> 0 | L50: =MasterSheet!U216 -> 0 | M50: =MasterSheet!W216 -> 0 | N50: =MasterSheet!Y216 -> 0 | O50: =MasterSheet!AA216 -> 0 | P50: =MasterSheet!AB216 -> 0 | Q50: =MasterSheet!AC216 -> 0 | R50: =A50 -> 0 | S50: =B50 -> 0 | T50: =IF(D50>=90,"امتياز",IF(D50>=80,"جـيد جدا",IF(D50>=70,"جـيد",IF(D50>=60,"متوسط",IF(D50>=50,"مقبول","راسب"))))) -> 0 | U50: =IF(E50>=90,"امتياز",IF(E50>=80,"جـيد جدا",IF(E50>=70,"جـيد",IF(E50>=60,"متوسط",IF(E50>=50,"مقبول","راسب"))))) -> 0 | V50: =IF(F50>=90,"امتياز",IF(F50>=80,"جـيد جدا",IF(F50>=70,"جـيد",IF(F50>=60,"متوسط",IF(F50>=50,"مقبول","راسب"))))) -> 0 | W50: =IF(G50>=90,"امتياز",IF(G50>=80,"جـيد جدا",IF(G50>=70,"جـيد",IF(G50>=60,"متوسط",IF(G50>=50,"مقبول","راسب"))))) -> 0 | X50: =IF(H50>=90,"امتياز",IF(H50>=80,"جـيد جدا",IF(H50>=70,"جـيد",IF(H50>=60,"متوسط",IF(H50>=50,"مقبول","راسب"))))) -> 0 | Y50: =IF(I50>=90,"امتياز",IF(I50>=80,"جـيد جدا",IF(I50>=70,"جـيد",IF(I50>=60,"متوسط",IF(I50>=50,"مقبول","راسب"))))) -> 0 | Z50: =IF(J50>=90,"امتياز",IF(J50>=80,"جـيد جدا",IF(J50>=70,"جـيد",IF(J50>=60,"متوسط",IF(J50>=50,"مقبول","راسب"))))) -> 0 | AA50: =IF(K50>=90,"امتياز",IF(K50>=80,"جـيد جدا",IF(K50>=70,"جـيد",IF(K50>=60,"متوسط",IF(K50>=50,"مقبول","راسب"))))) -> 0 | ... AD50: =IF(N50>=90,"امتياز",IF(N50>=80,"جـيد جدا",IF(N50>=70,"جـيد",IF(N50>=60,"متوسط",IF(N50>=50,"مقبول","راسب"))))) -> 0 | AE50: =MasterSheet!AA216 -> 0 | AF50: =MasterSheet!AB216 -> 0 | AG50: =MasterSheet!AC216 -> 0 | AL50: =IF(D50 >=50,"P","F") -> 0 | AM50: =IF(E50 >=50,"P","F") -> 0 | AN50: =IF(F50 >=50,"P","F") -> 0 | AO50: =IF(G50 >=50,"P","F") -> 0 | AP50: =IF(H50 >=50,"P","F") -> 0 | AQ50: =IF(I50 >=50,"P","F") -> 0 | AR50: =IF(J50 >=50,"P","F") -> 0 | AS50: =IF(K50 >=50,"P","F") -> 0 | ... AV50: =IF(N50 >=50,"P","F") -> 0 | AW50: =IF(AND(N50>=50,N50>=50,F50>=50,G50>=50,H50>=50,I50>=50,J50>=50,K50>=50,L50>=50,M50>=50),"P","F") -> 0
A51: =MasterSheet!B219 -> 0 | B51: =MasterSheet!C219 -> 0 | C51: =MasterSheet!D219 -> 0 | D51: =MasterSheet!E219 -> 0 | E51: =MasterSheet!G219 -> 0 | F51: =MasterSheet!I219 -> 0 | G51: =MasterSheet!K219 -> 0 | H51: =MasterSheet!M219 -> 0 | I51: =MasterSheet!O219 -> 0 | J51: =MasterSheet!Q219 -> 0 | K51: =MasterSheet!S219 -> 0 | L51: =MasterSheet!U219 -> 0 | M51: =MasterSheet!W219 -> 0 | N51: =MasterSheet!Y219 -> 0 | O51: =MasterSheet!AA219 -> 0 | P51: =MasterSheet!AB219 -> 0 | Q51: =MasterSheet!AC219 -> 0 | R51: =A51 -> 0 | S51: =B51 -> 0 | T51: =IF(D51>=90,"امتياز",IF(D51>=80,"جـيد جدا",IF(D51>=70,"جـيد",IF(D51>=60,"متوسط",IF(D51>=50,"مقبول","راسب"))))) -> 0 | U51: =IF(E51>=90,"امتياز",IF(E51>=80,"جـيد جدا",IF(E51>=70,"جـيد",IF(E51>=60,"متوسط",IF(E51>=50,"مقبول","راسب"))))) -> 0 | V51: =IF(F51>=90,"امتياز",IF(F51>=80,"جـيد جدا",IF(F51>=70,"جـيد",IF(F51>=60,"متوسط",IF(F51>=50,"مقبول","راسب"))))) -> 0 | W51: =IF(G51>=90,"امتياز",IF(G51>=80,"جـيد جدا",IF(G51>=70,"جـيد",IF(G51>=60,"متوسط",IF(G51>=50,"مقبول","راسب"))))) -> 0 | X51: =IF(H51>=90,"امتياز",IF(H51>=80,"جـيد جدا",IF(H51>=70,"جـيد",IF(H51>=60,"متوسط",IF(H51>=50,"مقبول","راسب"))))) -> 0 | Y51: =IF(I51>=90,"امتياز",IF(I51>=80,"جـيد جدا",IF(I51>=70,"جـيد",IF(I51>=60,"متوسط",IF(I51>=50,"مقبول","راسب"))))) -> 0 | Z51: =IF(J51>=90,"امتياز",IF(J51>=80,"جـيد جدا",IF(J51>=70,"جـيد",IF(J51>=60,"متوسط",IF(J51>=50,"مقبول","راسب"))))) -> 0 | AA51: =IF(K51>=90,"امتياز",IF(K51>=80,"جـيد جدا",IF(K51>=70,"جـيد",IF(K51>=60,"متوسط",IF(K51>=50,"مقبول","راسب"))))) -> 0 | ... AD51: =IF(N51>=90,"امتياز",IF(N51>=80,"جـيد جدا",IF(N51>=70,"جـيد",IF(N51>=60,"متوسط",IF(N51>=50,"مقبول","راسب"))))) -> 0 | AE51: =MasterSheet!AA219 -> 0 | AF51: =MasterSheet!AB219 -> 0 | AG51: =MasterSheet!AC219 -> 0 | AL51: =IF(D51 >=50,"P","F") -> 0 | AM51: =IF(E51 >=50,"P","F") -> 0 | AN51: =IF(F51 >=50,"P","F") -> 0 | AO51: =IF(G51 >=50,"P","F") -> 0 | AP51: =IF(H51 >=50,"P","F") -> 0 | AQ51: =IF(I51 >=50,"P","F") -> 0 | AR51: =IF(J51 >=50,"P","F") -> 0 | AS51: =IF(K51 >=50,"P","F") -> 0 | ... AV51: =IF(N51 >=50,"P","F") -> 0 | AW51: =IF(AND(N51>=50,N51>=50,F51>=50,G51>=50,H51>=50,I51>=50,J51>=50,K51>=50,L51>=50,M51>=50),"P","F") -> 0
A52: =MasterSheet!B222 -> 0 | B52: =MasterSheet!C222 -> 0 | C52: =MasterSheet!D222 -> 0 | D52: =MasterSheet!E222 -> 0 | E52: =MasterSheet!G222 -> 0 | F52: =MasterSheet!I222 -> 0 | G52: =MasterSheet!K222 -> 0 | H52: =MasterSheet!M222 -> 0 | I52: =MasterSheet!O222 -> 0 | J52: =MasterSheet!Q222 -> 0 | K52: =MasterSheet!S222 -> 0 | L52: =MasterSheet!U222 -> 0 | M52: =MasterSheet!W222 -> 0 | N52: =MasterSheet!Y222 -> 0 | O52: =MasterSheet!AA222 -> 0 | P52: =MasterSheet!AB222 -> 0 | Q52: =MasterSheet!AC222 -> 0 | R52: =A52 -> 0 | S52: =B52 -> 0 | T52: =IF(D52>=90,"امتياز",IF(D52>=80,"جـيد جدا",IF(D52>=70,"جـيد",IF(D52>=60,"متوسط",IF(D52>=50,"مقبول","راسب"))))) -> 0 | U52: =IF(E52>=90,"امتياز",IF(E52>=80,"جـيد جدا",IF(E52>=70,"جـيد",IF(E52>=60,"متوسط",IF(E52>=50,"مقبول","راسب"))))) -> 0 | V52: =IF(F52>=90,"امتياز",IF(F52>=80,"جـيد جدا",IF(F52>=70,"جـيد",IF(F52>=60,"متوسط",IF(F52>=50,"مقبول","راسب"))))) -> 0 | W52: =IF(G52>=90,"امتياز",IF(G52>=80,"جـيد جدا",IF(G52>=70,"جـيد",IF(G52>=60,"متوسط",IF(G52>=50,"مقبول","راسب"))))) -> 0 | X52: =IF(H52>=90,"امتياز",IF(H52>=80,"جـيد جدا",IF(H52>=70,"جـيد",IF(H52>=60,"متوسط",IF(H52>=50,"مقبول","راسب"))))) -> 0 | Y52: =IF(I52>=90,"امتياز",IF(I52>=80,"جـيد جدا",IF(I52>=70,"جـيد",IF(I52>=60,"متوسط",IF(I52>=50,"مقبول","راسب"))))) -> 0 | Z52: =IF(J52>=90,"امتياز",IF(J52>=80,"جـيد جدا",IF(J52>=70,"جـيد",IF(J52>=60,"متوسط",IF(J52>=50,"مقبول","راسب"))))) -> 0 | AA52: =IF(K52>=90,"امتياز",IF(K52>=80,"جـيد جدا",IF(K52>=70,"جـيد",IF(K52>=60,"متوسط",IF(K52>=50,"مقبول","راسب"))))) -> 0 | ... AD52: =IF(N52>=90,"امتياز",IF(N52>=80,"جـيد جدا",IF(N52>=70,"جـيد",IF(N52>=60,"متوسط",IF(N52>=50,"مقبول","راسب"))))) -> 0 | AE52: =MasterSheet!AA222 -> 0 | AF52: =MasterSheet!AB222 -> 0 | AG52: =MasterSheet!AC222 -> 0 | AL52: =IF(D52 >=50,"P","F") -> 0 | AM52: =IF(E52 >=50,"P","F") -> 0 | AN52: =IF(F52 >=50,"P","F") -> 0 | AO52: =IF(G52 >=50,"P","F") -> 0 | AP52: =IF(H52 >=50,"P","F") -> 0 | AQ52: =IF(I52 >=50,"P","F") -> 0 | AR52: =IF(J52 >=50,"P","F") -> 0 | AS52: =IF(K52 >=50,"P","F") -> 0 | ... AV52: =IF(N52 >=50,"P","F") -> 0 | AW52: =IF(AND(N52>=50,N52>=50,F52>=50,G52>=50,H52>=50,I52>=50,J52>=50,K52>=50,L52>=50,M52>=50),"P","F") -> 0
A53: =MasterSheet!B225 -> 0 | B53: =MasterSheet!C225 -> 0 | C53: =MasterSheet!D225 -> 0 | D53: =MasterSheet!E225 -> 0 | E53: =MasterSheet!G225 -> 0 | F53: =MasterSheet!I225 -> 0 | G53: =MasterSheet!K225 -> 0 | H53: =MasterSheet!M225 -> 0 | I53: =MasterSheet!O225 -> 0 | J53: =MasterSheet!Q225 -> 0 | K53: =MasterSheet!S225 -> 0 | L53: =MasterSheet!U225 -> 0 | M53: =MasterSheet!W225 -> 0 | N53: =MasterSheet!Y225 -> 0 | O53: =MasterSheet!AA225 -> 0 | P53: =MasterSheet!AB225 -> 0 | Q53: =MasterSheet!AC225 -> 0 | R53: =A53 -> 0 | S53: =B53 -> 0 | T53: =IF(D53>=90,"امتياز",IF(D53>=80,"جـيد جدا",IF(D53>=70,"جـيد",IF(D53>=60,"متوسط",IF(D53>=50,"مقبول","راسب"))))) -> 0 | U53: =IF(E53>=90,"امتياز",IF(E53>=80,"جـيد جدا",IF(E53>=70,"جـيد",IF(E53>=60,"متوسط",IF(E53>=50,"مقبول","راسب"))))) -> 0 | V53: =IF(F53>=90,"امتياز",IF(F53>=80,"جـيد جدا",IF(F53>=70,"جـيد",IF(F53>=60,"متوسط",IF(F53>=50,"مقبول","راسب"))))) -> 0 | W53: =IF(G53>=90,"امتياز",IF(G53>=80,"جـيد جدا",IF(G53>=70,"جـيد",IF(G53>=60,"متوسط",IF(G53>=50,"مقبول","راسب"))))) -> 0 | X53: =IF(H53>=90,"امتياز",IF(H53>=80,"جـيد جدا",IF(H53>=70,"جـيد",IF(H53>=60,"متوسط",IF(H53>=50,"مقبول","راسب"))))) -> 0 | Y53: =IF(I53>=90,"امتياز",IF(I53>=80,"جـيد جدا",IF(I53>=70,"جـيد",IF(I53>=60,"متوسط",IF(I53>=50,"مقبول","راسب"))))) -> 0 | Z53: =IF(J53>=90,"امتياز",IF(J53>=80,"جـيد جدا",IF(J53>=70,"جـيد",IF(J53>=60,"متوسط",IF(J53>=50,"مقبول","راسب"))))) -> 0 | AA53: =IF(K53>=90,"امتياز",IF(K53>=80,"جـيد جدا",IF(K53>=70,"جـيد",IF(K53>=60,"متوسط",IF(K53>=50,"مقبول","راسب"))))) -> 0 | ... AD53: =IF(N53>=90,"امتياز",IF(N53>=80,"جـيد جدا",IF(N53>=70,"جـيد",IF(N53>=60,"متوسط",IF(N53>=50,"مقبول","راسب"))))) -> 0 | AE53: =MasterSheet!AA225 -> 0 | AF53: =MasterSheet!AB225 -> 0 | AG53: =MasterSheet!AC225 -> 0 | AL53: =IF(D53 >=50,"P","F") -> 0 | AM53: =IF(E53 >=50,"P","F") -> 0 | AN53: =IF(F53 >=50,"P","F") -> 0 | AO53: =IF(G53 >=50,"P","F") -> 0 | AP53: =IF(H53 >=50,"P","F") -> 0 | AQ53: =IF(I53 >=50,"P","F") -> 0 | AR53: =IF(J53 >=50,"P","F") -> 0 | AS53: =IF(K53 >=50,"P","F") -> 0 | ... AV53: =IF(N53 >=50,"P","F") -> 0 | AW53: =IF(AND(N53>=50,N53>=50,F53>=50,G53>=50,H53>=50,I53>=50,J53>=50,K53>=50,L53>=50,M53>=50),"P","F") -> 0
A54: =MasterSheet!B228 -> 0 | B54: =MasterSheet!C228 -> 0 | C54: =MasterSheet!D228 -> 0 | D54: =MasterSheet!E228 -> 0 | E54: =MasterSheet!G228 -> 0 | F54: =MasterSheet!I228 -> 0 | G54: =MasterSheet!K228 -> 0 | H54: =MasterSheet!M228 -> 0 | I54: =MasterSheet!O228 -> 0 | J54: =MasterSheet!Q228 -> 0 | K54: =MasterSheet!S228 -> 0 | L54: =MasterSheet!U228 -> 0 | M54: =MasterSheet!W228 -> 0 | N54: =MasterSheet!Y228 -> 0 | O54: =MasterSheet!AA228 -> 0 | P54: =MasterSheet!AB228 -> 0 | Q54: =MasterSheet!AC228 -> 0 | R54: =A54 -> 0 | S54: =B54 -> 0 | T54: =IF(D54>=90,"امتياز",IF(D54>=80,"جـيد جدا",IF(D54>=70,"جـيد",IF(D54>=60,"متوسط",IF(D54>=50,"مقبول","راسب"))))) -> 0 | U54: =IF(E54>=90,"امتياز",IF(E54>=80,"جـيد جدا",IF(E54>=70,"جـيد",IF(E54>=60,"متوسط",IF(E54>=50,"مقبول","راسب"))))) -> 0 | V54: =IF(F54>=90,"امتياز",IF(F54>=80,"جـيد جدا",IF(F54>=70,"جـيد",IF(F54>=60,"متوسط",IF(F54>=50,"مقبول","راسب"))))) -> 0 | W54: =IF(G54>=90,"امتياز",IF(G54>=80,"جـيد جدا",IF(G54>=70,"جـيد",IF(G54>=60,"متوسط",IF(G54>=50,"مقبول","راسب"))))) -> 0 | X54: =IF(H54>=90,"امتياز",IF(H54>=80,"جـيد جدا",IF(H54>=70,"جـيد",IF(H54>=60,"متوسط",IF(H54>=50,"مقبول","راسب"))))) -> 0 | Y54: =IF(I54>=90,"امتياز",IF(I54>=80,"جـيد جدا",IF(I54>=70,"جـيد",IF(I54>=60,"متوسط",IF(I54>=50,"مقبول","راسب"))))) -> 0 | Z54: =IF(J54>=90,"امتياز",IF(J54>=80,"جـيد جدا",IF(J54>=70,"جـيد",IF(J54>=60,"متوسط",IF(J54>=50,"مقبول","راسب"))))) -> 0 | AA54: =IF(K54>=90,"امتياز",IF(K54>=80,"جـيد جدا",IF(K54>=70,"جـيد",IF(K54>=60,"متوسط",IF(K54>=50,"مقبول","راسب"))))) -> 0 | ... AD54: =IF(N54>=90,"امتياز",IF(N54>=80,"جـيد جدا",IF(N54>=70,"جـيد",IF(N54>=60,"متوسط",IF(N54>=50,"مقبول","راسب"))))) -> 0 | AE54: =MasterSheet!AA228 -> 0 | AF54: =MasterSheet!AB228 -> 0 | AG54: =MasterSheet!AC228 -> 0 | AL54: =IF(D54 >=50,"P","F") -> 0 | AM54: =IF(E54 >=50,"P","F") -> 0 | AN54: =IF(F54 >=50,"P","F") -> 0 | AO54: =IF(G54 >=50,"P","F") -> 0 | AP54: =IF(H54 >=50,"P","F") -> 0 | AQ54: =IF(I54 >=50,"P","F") -> 0 | AR54: =IF(J54 >=50,"P","F") -> 0 | AS54: =IF(K54 >=50,"P","F") -> 0 | ... AV54: =IF(N54 >=50,"P","F") -> 0 | AW54: =IF(AND(N54>=50,N54>=50,F54>=50,G54>=50,H54>=50,I54>=50,J54>=50,K54>=50,L54>=50,M54>=50),"P","F") -> 0
A55: =MasterSheet!B231 -> 0 | B55: =MasterSheet!C231 -> 0 | C55: =MasterSheet!D231 -> 0 | D55: =MasterSheet!E231 -> 0 | E55: =MasterSheet!G231 -> 0 | F55: =MasterSheet!I231 -> 0 | G55: =MasterSheet!K231 -> 0 | H55: =MasterSheet!M231 -> 0 | I55: =MasterSheet!O231 -> 0 | J55: =MasterSheet!Q231 -> 0 | K55: =MasterSheet!S231 -> 0 | L55: =MasterSheet!U231 -> 0 | M55: =MasterSheet!W231 -> 0 | N55: =MasterSheet!Y231 -> 0 | O55: =MasterSheet!AA231 -> 0 | P55: =MasterSheet!AB231 -> 0 | Q55: =MasterSheet!AC231 -> 0 | R55: =A55 -> 0 | S55: =B55 -> 0 | T55: =IF(D55>=90,"امتياز",IF(D55>=80,"جـيد جدا",IF(D55>=70,"جـيد",IF(D55>=60,"متوسط",IF(D55>=50,"مقبول","راسب"))))) -> 0 | U55: =IF(E55>=90,"امتياز",IF(E55>=80,"جـيد جدا",IF(E55>=70,"جـيد",IF(E55>=60,"متوسط",IF(E55>=50,"مقبول","راسب"))))) -> 0 | V55: =IF(F55>=90,"امتياز",IF(F55>=80,"جـيد جدا",IF(F55>=70,"جـيد",IF(F55>=60,"متوسط",IF(F55>=50,"مقبول","راسب"))))) -> 0 | W55: =IF(G55>=90,"امتياز",IF(G55>=80,"جـيد جدا",IF(G55>=70,"جـيد",IF(G55>=60,"متوسط",IF(G55>=50,"مقبول","راسب"))))) -> 0 | X55: =IF(H55>=90,"امتياز",IF(H55>=80,"جـيد جدا",IF(H55>=70,"جـيد",IF(H55>=60,"متوسط",IF(H55>=50,"مقبول","راسب"))))) -> 0 | Y55: =IF(I55>=90,"امتياز",IF(I55>=80,"جـيد جدا",IF(I55>=70,"جـيد",IF(I55>=60,"متوسط",IF(I55>=50,"مقبول","راسب"))))) -> 0 | Z55: =IF(J55>=90,"امتياز",IF(J55>=80,"جـيد جدا",IF(J55>=70,"جـيد",IF(J55>=60,"متوسط",IF(J55>=50,"مقبول","راسب"))))) -> 0 | AA55: =IF(K55>=90,"امتياز",IF(K55>=80,"جـيد جدا",IF(K55>=70,"جـيد",IF(K55>=60,"متوسط",IF(K55>=50,"مقبول","راسب"))))) -> 0 | ... AD55: =IF(N55>=90,"امتياز",IF(N55>=80,"جـيد جدا",IF(N55>=70,"جـيد",IF(N55>=60,"متوسط",IF(N55>=50,"مقبول","راسب"))))) -> 0 | AE55: =MasterSheet!AA231 -> 0 | AF55: =MasterSheet!AB231 -> 0 | AG55: =MasterSheet!AC231 -> 0 | AL55: =IF(D55 >=50,"P","F") -> 0 | AM55: =IF(E55 >=50,"P","F") -> 0 | AN55: =IF(F55 >=50,"P","F") -> 0 | AO55: =IF(G55 >=50,"P","F") -> 0 | AP55: =IF(H55 >=50,"P","F") -> 0 | AQ55: =IF(I55 >=50,"P","F") -> 0 | AR55: =IF(J55 >=50,"P","F") -> 0 | AS55: =IF(K55 >=50,"P","F") -> 0 | ... AV55: =IF(N55 >=50,"P","F") -> 0 | AW55: =IF(AND(N55>=50,N55>=50,F55>=50,G55>=50,H55>=50,I55>=50,J55>=50,K55>=50,L55>=50,M55>=50),"P","F") -> 0
A56: =MasterSheet!B234 -> 0 | B56: =MasterSheet!C234 -> 0 | C56: =MasterSheet!D234 -> 0 | D56: =MasterSheet!E234 -> 0 | E56: =MasterSheet!G234 -> 0 | F56: =MasterSheet!I234 -> 0 | G56: =MasterSheet!K234 -> 0 | H56: =MasterSheet!M234 -> 0 | I56: =MasterSheet!O234 -> 0 | J56: =MasterSheet!Q234 -> 0 | K56: =MasterSheet!S234 -> 0 | L56: =MasterSheet!U234 -> 0 | M56: =MasterSheet!W234 -> 0 | N56: =MasterSheet!Y234 -> 0 | O56: =MasterSheet!AA234 -> 0 | P56: =MasterSheet!AB234 -> 0 | Q56: =MasterSheet!AC234 -> 0 | T56: =IF(D56>=90,"امتياز",IF(D56>=80,"جـيد جدا",IF(D56>=70,"جـيد",IF(D56>=60,"متوسط",IF(D56>=50,"مقبول","راسب"))))) -> 0 | U56: =IF(E56>=90,"امتياز",IF(E56>=80,"جـيد جدا",IF(E56>=70,"جـيد",IF(E56>=60,"متوسط",IF(E56>=50,"مقبول","راسب"))))) -> 0 | V56: =IF(F56>=90,"امتياز",IF(F56>=80,"جـيد جدا",IF(F56>=70,"جـيد",IF(F56>=60,"متوسط",IF(F56>=50,"مقبول","راسب"))))) -> 0 | W56: =IF(G56>=90,"امتياز",IF(G56>=80,"جـيد جدا",IF(G56>=70,"جـيد",IF(G56>=60,"متوسط",IF(G56>=50,"مقبول","راسب"))))) -> 0 | X56: =IF(H56>=90,"امتياز",IF(H56>=80,"جـيد جدا",IF(H56>=70,"جـيد",IF(H56>=60,"متوسط",IF(H56>=50,"مقبول","راسب"))))) -> 0 | Y56: =IF(I56>=90,"امتياز",IF(I56>=80,"جـيد جدا",IF(I56>=70,"جـيد",IF(I56>=60,"متوسط",IF(I56>=50,"مقبول","راسب"))))) -> 0 | Z56: =IF(J56>=90,"امتياز",IF(J56>=80,"جـيد جدا",IF(J56>=70,"جـيد",IF(J56>=60,"متوسط",IF(J56>=50,"مقبول","راسب"))))) -> 0 | AA56: =IF(K56>=90,"امتياز",IF(K56>=80,"جـيد جدا",IF(K56>=70,"جـيد",IF(K56>=60,"متوسط",IF(K56>=50,"مقبول","راسب"))))) -> 0 | ... AD56: =IF(N56>=90,"امتياز",IF(N56>=80,"جـيد جدا",IF(N56>=70,"جـيد",IF(N56>=60,"متوسط",IF(N56>=50,"مقبول","راسب"))))) -> 0 | AE56: =MasterSheet!AA234 -> 0 | AF56: =MasterSheet!AB234 -> 0 | AG56: =MasterSheet!AC234 -> 0 | AL56: =IF(D56 >=50,"P","F") -> 0 | AM56: =IF(E56 >=50,"P","F") -> 0 | AN56: =IF(F56 >=50,"P","F") -> 0 | AO56: =IF(G56 >=50,"P","F") -> 0 | AP56: =IF(H56 >=50,"P","F") -> 0 | AQ56: =IF(I56 >=50,"P","F") -> 0 | AR56: =IF(J56 >=50,"P","F") -> 0 | AS56: =IF(K56 >=50,"P","F") -> 0 | ... AV56: =IF(N56 >=50,"P","F") -> 0 | AW56: =IF(AND(N56>=50,N56>=50,F56>=50,G56>=50,H56>=50,I56>=50,J56>=50,K56>=50,L56>=50,M56>=50),"P","F") -> 0

Sheet النتائج الورقية
B8: اسم الطالب: | C8: =Statistics!B7 -> 0 | I8: اسم الطالب: | J8: =Statistics!B7 -> 0
B9: رقم الطالب: | C9: =Statistics!A7 -> 0 | I9: رقم الطالب: | J9: =Statistics!A7 -> 0
B11: المادة | C11: التقدير | I11: المادة | J11: التقدير
B12: =Statistics!D6 -> 0 | C12: =Statistics!T7 -> 0 | I12: =Statistics!D6 -> 0 | J12: =Statistics!T7 -> 0
B13: =Statistics!E6 -> 0 | C13: =Statistics!U7 -> 0 | I13: =Statistics!E6 -> 0 | J13: =Statistics!U7 -> 0
B14: =Statistics!F6 -> 0 | C14: =Statistics!V7 -> 0 | I14: =Statistics!F6 -> 0 | J14: =Statistics!V7 -> 0
B15: =Statistics!G6 -> 0 | C15: =Statistics!W7 -> 0 | I15: =Statistics!G6 -> 0 | J15: =Statistics!W7 -> 0
B16: =Statistics!H6 -> 0 | C16: =Statistics!X7 -> 0 | I16: =Statistics!H6 -> 0 | J16: =Statistics!X7 -> 0
B17: =Statistics!I6 -> 0 | C17: =Statistics!Y7 -> 0 | I17: =Statistics!I6 -> 0 | J17: =Statistics!Y7 -> 0
B18: =Statistics!J6 -> 0 | C18: =Statistics!Z7 -> 0 | I18: =Statistics!J6 -> 0 | J18: =Statistics!Z7 -> 0
B19: =Statistics!K6 -> 0 | C19: =Statistics!AA7 -> 0 | I19: =Statistics!K6 -> 0 | J19: =Statistics!AA7 -> 0
B20: =Statistics!L6 -> 0 | C20: =Statistics!AB7 -> 0 | I20: =Statistics!L6 -> 0 | J20: =Statistics!AB7 -> 0
B21: =Statistics!M6 -> 0 | C21: =Statistics!AC7 -> 0 | I21: =Statistics!M6 -> 0 | J21: =Statistics!AC7 -> 0
B22: =Statistics!N6 -> 0 | C22: =Statistics!AD7 -> 0 | I22: =Statistics!N6 -> 0 | J22: =Statistics!AD7 -> 0
B23: النتيجة: | C23: =Statistics!AE7 -> 0 | D23: =Statistics!AH7 -> 0 | I23: النتيجة: | J23: =Statistics!AE7 -> 0 | K23: =Statistics!AH7 -> 0
B24: التقدير: | C24: =Statistics!AG7 -> 0 | I24: التقدير: | J24: =Statistics!AG7 -> 0
D25: ................. | K25: .................
B26: ختم اللجنة الامتحانية | D26: رئيس القسم | I26: ختم اللجنة الامتحانية | K26: رئيس القسم
B38: اسم الطالب: | C38: =Statistics!B8 -> 0 | I38: اسم الطالب: | J38: =Statistics!B8 -> 0
B39: رقم الطالب: | C39: =Statistics!A8 -> 0 | I39: رقم الطالب: | J39: =Statistics!A8 -> 0
B41: المادة | C41: التقدير | I41: المادة | J41: التقدير
B42: =Statistics!D6 -> 0 | C42: =Statistics!T8 -> 0 | I42: =Statistics!D6 -> 0 | J42: =Statistics!T8 -> 0
B43: =Statistics!E6 -> 0 | C43: =Statistics!U8 -> 0 | I43: =Statistics!E6 -> 0 | J43: =Statistics!U8 -> 0
B44: =Statistics!F6 -> 0 | C44: =Statistics!V8 -> 0 | I44: =Statistics!F6 -> 0 | J44: =Statistics!V8 -> 0
B45: =Statistics!G6 -> 0 | C45: =Statistics!W8 -> 0 | I45: =Statistics!G6 -> 0 | J45: =Statistics!W8 -> 0
B46: =Statistics!H6 -> 0 | C46: =Statistics!X8 -> 0 | I46: =Statistics!H6 -> 0 | J46: =Statistics!X8 -> 0
B47: =Statistics!I6 -> 0 | C47: =Statistics!Y8 -> 0 | I47: =Statistics!I6 -> 0 | J47: =Statistics!Y8 -> 0
B48: =Statistics!J6 -> 0 | C48: =Statistics!Z8 -> 0 | I48: =Statistics!J6 -> 0 | J48: =Statistics!Z8 -> 0
B49: =Statistics!K6 -> 0 | C49: =Statistics!AA8 -> 0 | I49: =Statistics!K6 -> 0 | J49: =Statistics!AA8 -> 0
B50: =Statistics!L6 -> 0 | C50: =Statistics!AB8 -> 0 | I50: =Statistics!L6 -> 0 | J50: =Statistics!AB8 -> 0
B51: =Statistics!M6 -> 0 | C51: =Statistics!AC8 -> 0 | I51: =Statistics!M6 -> 0 | J51: =Statistics!AC8 -> 0
B52: =Statistics!N6 -> 0 | C52: =Statistics!AD8 -> 0 | I52: =Statistics!N6 -> 0 | J52: =Statistics!AD8 -> 0
B53: النتيجة: | C53: =Statistics!AE8 -> 0 | D53: =Statistics!AH8 -> 0 | I53: النتيجة: | J53: =Statistics!AE8 -> 0 | K53: =Statistics!AH8 -> 0
B54: التقدير: | C54: =Statistics!AG8 -> 0 | I54: التقدير: | J54: =Statistics!AG8 -> 0
D55: ................. | K55: .................
B56: ختم اللجنة الامتحانية | D56: رئيس القسم | I56: ختم اللجنة الامتحانية | K56: رئيس القسم
B68: اسم الطالب: | C68: =Statistics!B9 -> 0 | I68: اسم الطالب: | J68: =Statistics!B9 -> 0
B69: رقم الطالب: | C69: =Statistics!A9 -> 0 | I69: رقم الطالب: | J69: =Statistics!A9 -> 0
B71: المادة | C71: التقدير | I71: المادة | J71: التقدير
B72: =Statistics!D6 -> 0 | C72: =Statistics!T9 -> 0 | I72: =Statistics!D6 -> 0 | J72: =Statistics!T9 -> 0
B73: =Statistics!E6 -> 0 | C73: =Statistics!U9 -> 0 | I73: =Statistics!E6 -> 0 | J73: =Statistics!U9 -> 0
B74: =Statistics!F6 -> 0 | C74: =Statistics!V9 -> 0 | I74: =Statistics!F6 -> 0 | J74: =Statistics!V9 -> 0
B75: =Statistics!G6 -> 0 | C75: =Statistics!W9 -> 0 | I75: =Statistics!G6 -> 0 | J75: =Statistics!W9 -> 0
B76: =Statistics!H6 -> 0 | C76: =Statistics!X9 -> 0 | I76: =Statistics!H6 -> 0 | J76: =Statistics!X9 -> 0
B77: =Statistics!I6 -> 0 | C77: =Statistics!Y9 -> 0 | I77: =Statistics!I6 -> 0 | J77: =Statistics!Y9 -> 0
B78: =Statistics!J6 -> 0 | C78: =Statistics!Z9 -> 0 | I78: =Statistics!J6 -> 0 | J78: =Statistics!Z9 -> 0
B79: =Statistics!K6 -> 0 | C79: =Statistics!AA9 -> 0 | I79: =Statistics!K6 -> 0 | J79: =Statistics!AA9 -> 0
B80: =Statistics!L6 -> 0 | C80: =Statistics!AB9 -> 0 | I80: =Statistics!L6 -> 0 | J80: =Statistics!AB9 -> 0
B81: =Statistics!M6 -> 0 | C81: =Statistics!AC9 -> 0 | I81: =Statistics!M6 -> 0 | J81: =Statistics!AC9 -> 0
B82: =Statistics!N6 -> 0 | C82: =Statistics!AD9 -> 0 | I82: =Statistics!N6 -> 0 | J82: =Statistics!AD9 -> 0
B83: النتيجة: | C83: =Statistics!AE9 -> 0 | D83: =Statistics!AH9 -> 0 | I83: النتيجة: | J83: =Statistics!AE9 -> 0 | K83: =Statistics!AH9 -> 0
B84: التقدير: | C84: =Statistics!AG9 -> 0 | I84: التقدير: | J84: =Statistics!AG9 -> 0
D85: ................. | K85: .................
B86: ختم اللجنة الامتحانية | D86: رئيس القسم | I86: ختم اللجنة الامتحانية | K86: رئيس القسم
B98: اسم الطالب: | C98: =Statistics!B10 -> 0 | I98: اسم الطالب: | J98: =Statistics!B10 -> 0
B99: رقم الطالب: | C99: =Statistics!A10 -> 0 | I99: رقم الطالب: | J99: =Statistics!A10 -> 0
B101: المادة | C101: التقدير | I101: المادة | J101: التقدير
B102: =Statistics!D6 -> 0 | C102: =Statistics!T10 -> 0 | I102: =Statistics!D6 -> 0 | J102: =Statistics!T10 -> 0
B103: =Statistics!E6 -> 0 | C103: =Statistics!U10 -> 0 | I103: =Statistics!E6 -> 0 | J103: =Statistics!U10 -> 0
B104: =Statistics!F6 -> 0 | C104: =Statistics!V10 -> 0 | I104: =Statistics!F6 -> 0 | J104: =Statistics!V10 -> 0
B105: =Statistics!G6 -> 0 | C105: =Statistics!W10 -> 0 | I105: =Statistics!G6 -> 0 | J105: =Statistics!W10 -> 0
B106: =Statistics!H6 -> 0 | C106: =Statistics!X10 -> 0 | I106: =Statistics!H6 -> 0 | J106: =Statistics!X10 -> 0
B107: =Statistics!I6 -> 0 | C107: =Statistics!Y10 -> 0 | I107: =Statistics!I6 -> 0 | J107: =Statistics!Y10 -> 0
B108: =Statistics!J6 -> 0 | C108: =Statistics!Z10 -> 0 | I108: =Statistics!J6 -> 0 | J108: =Statistics!Z10 -> 0
B109: =Statistics!K6 -> 0 | C109: =Statistics!AA10 -> 0 | I109: =Statistics!K6 -> 0 | J109: =Statistics!AA10 -> 0
B110: =Statistics!L6 -> 0 | C110: =Statistics!AB10 -> 0 | I110: =Statistics!L6 -> 0 | J110: =Statistics!AB10 -> 0
B111: =Statistics!M6 -> 0 | C111: =Statistics!AC10 -> 0 | I111: =Statistics!M6 -> 0 | J111: =Statistics!AC10 -> 0
B112: =Statistics!N6 -> 0 | C112: =Statistics!AD10 -> 0 | I112: =Statistics!N6 -> 0 | J112: =Statistics!AD10 -> 0
B113: النتيجة: | C113: =Statistics!AE10 -> 0 | D113: =Statistics!AH10 -> 0 | I113: النتيجة: | J113: =Statistics!AE10 -> 0 | K113: =Statistics!AH10 -> 0
B114: التقدير: | C114: =Statistics!AG10 -> 0 | I114: التقدير: | J114: =Statistics!AG10 -> 0
D115: ................. | K115: .................
B116: ختم اللجنة الامتحانية | D116: رئيس القسم | I116: ختم اللجنة الامتحانية | K116: رئيس القسم
B128: اسم الطالب: | C128: =Statistics!B11 -> 0 | I128: اسم الطالب: | J128: =Statistics!B11 -> 0
B129: رقم الطالب: | C129: =Statistics!A11 -> 0 | I129: رقم الطالب: | J129: =Statistics!A11 -> 0
B131: المادة | C131: التقدير | I131: المادة | J131: التقدير
B132: =Statistics!D6 -> 0 | C132: =Statistics!T11 -> 0 | I132: =Statistics!D6 -> 0 | J132: =Statistics!T11 -> 0
B133: =Statistics!E6 -> 0 | C133: =Statistics!U11 -> 0 | I133: =Statistics!E6 -> 0 | J133: =Statistics!U11 -> 0
B134: =Statistics!F6 -> 0 | C134: =Statistics!V11 -> 0 | I134: =Statistics!F6 -> 0 | J134: =Statistics!V11 -> 0
B135: =Statistics!G6 -> 0 | C135: =Statistics!W11 -> 0 | I135: =Statistics!G6 -> 0 | J135: =Statistics!W11 -> 0
B136: =Statistics!H6 -> 0 | C136: =Statistics!X11 -> 0 | I136: =Statistics!H6 -> 0 | J136: =Statistics!X11 -> 0
B137: =Statistics!I6 -> 0 | C137: =Statistics!Y11 -> 0 | I137: =Statistics!I6 -> 0 | J137: =Statistics!Y11 -> 0
B138: =Statistics!J6 -> 0 | C138: =Statistics!Z11 -> 0 | I138: =Statistics!J6 -> 0 | J138: =Statistics!Z11 -> 0
B139: =Statistics!K6 -> 0 | C139: =Statistics!AA11 -> 0 | I139: =Statistics!K6 -> 0 | J139: =Statistics!AA11 -> 0
B140: =Statistics!L6 -> 0 | C140: =Statistics!AB11 -> 0 | I140: =Statistics!L6 -> 0 | J140: =Statistics!AB11 -> 0
B141: =Statistics!M6 -> 0 | C141: =Statistics!AC11 -> 0 | I141: =Statistics!M6 -> 0 | J141: =Statistics!AC11 -> 0
B142: =Statistics!N6 -> 0 | C142: =Statistics!AD11 -> 0 | I142: =Statistics!N6 -> 0 | J142: =Statistics!AD11 -> 0
B143: النتيجة: | C143: =Statistics!AE11 -> 0 | D143: =Statistics!AH11 -> 0 | I143: النتيجة: | J143: =Statistics!AE11 -> 0 | K143: =Statistics!AH11 -> 0
B144: التقدير: | C144: =Statistics!AG11 -> 0 | I144: التقدير: | J144: =Statistics!AG11 -> 0
D145: ................. | K145: .................
B146: ختم اللجنة الامتحانية | D146: رئيس القسم | I146: ختم اللجنة الامتحانية | K146: رئيس القسم
B158: اسم الطالب: | C158: =Statistics!B12 -> 0 | I158: اسم الطالب: | J158: =Statistics!B12 -> 0
B159: رقم الطالب: | C159: =Statistics!A12 -> 0 | I159: رقم الطالب: | J159: =Statistics!A12 -> 0
B161: المادة | C161: التقدير | I161: المادة | J161: التقدير
B162: =Statistics!D6 -> 0 | C162: =Statistics!T12 -> 0 | I162: =Statistics!D6 -> 0 | J162: =Statistics!T12 -> 0
B163: =Statistics!E6 -> 0 | C163: =Statistics!U12 -> 0 | I163: =Statistics!E6 -> 0 | J163: =Statistics!U12 -> 0
B164: =Statistics!F6 -> 0 | C164: =Statistics!V12 -> 0 | I164: =Statistics!F6 -> 0 | J164: =Statistics!V12 -> 0
B165: =Statistics!G6 -> 0 | C165: =Statistics!W12 -> 0 | I165: =Statistics!G6 -> 0 | J165: =Statistics!W12 -> 0
B166: =Statistics!H6 -> 0 | C166: =Statistics!X12 -> 0 | I166: =Statistics!H6 -> 0 | J166: =Statistics!X12 -> 0
B167: =Statistics!I6 -> 0 | C167: =Statistics!Y12 -> 0 | I167: =Statistics!I6 -> 0 | J167: =Statistics!Y12 -> 0
B168: =Statistics!J6 -> 0 | C168: =Statistics!Z12 -> 0 | I168: =Statistics!J6 -> 0 | J168: =Statistics!Z12 -> 0
...
